model_number;original_model_number
18633;9272
18635;9274
18637;9276
18638;9277
18640;9279
18641;9280
18642;9281
18644;9283
18645;9284
18646;9285
18647;9286
18648;9287
18649;9288
18650;9289
18652;9291
18654;9293
18655;9294
18656;9295
18657;9296
18658;9297
18659;9298
18660;9299
18661;9300
18662;9301
18663;9302
18664;9303
18665;9306
18666;9307
18667;9308
18668;9309
18669;9310
18670;9311
18671;9312
18672;9313
18673;9314
18674;9315
18675;9316
18676;9317
18677;9318
18678;9319
18679;9320
18680;9321
18681;9322
18682;9323
18683;9325
18684;9326
18685;9327
18686;9328
18687;9329
18688;9330
18689;9331
18690;9332
18691;9333
18692;9334
18693;9335
18694;9336
18695;9337
18696;9338
18697;9339
18698;9340
18699;9341
18700;9342
18701;9343
18702;9344
18703;9345
18704;9346
18705;9347
18706;9348
18707;9349
18708;9350
18709;9351
18710;9352
18711;9353
18712;9354
18713;9355
18714;9356
18715;9357
18716;9358
18717;9359
18718;9360
18719;9361
18720;9362
18721;9363
18722;9364
18723;9365
18724;9366
18725;9367
18726;9368
18727;9369
18728;9370
18729;9371
18730;9372
18731;9374
18732;9375
18733;9376
18734;9377
18735;9378
18736;9379
18737;9380
18738;9381
18739;9382
18740;9383
18741;9384
18742;9385
18743;9386
18744;9387
18745;9388
18746;9389
18747;9390
18748;9391
18749;9392
18750;9393
18751;9394
18752;9395
18753;9396
18754;9397
18755;9398
18756;9399
18757;9400
18758;9401
18759;9402
18760;9403
18761;9404
18762;9406
18763;9407
18764;9408
18765;9409
18766;9410
18767;9411
18768;9412
18769;9414
18770;9415
18771;9416
18772;9417
18773;9418
18774;9419
18775;9420
18776;9421
18777;9422
18778;9423
18779;9424
18780;9425
18781;9426
18782;9427
18783;9428
18784;9429
18785;9430
18786;9431
18787;9432
18788;9433
18789;9434
18790;9435
18791;9436
18792;9437
18793;9438
18794;9439
18795;9443
18796;9444
18797;9445
18798;9446
18799;9447
18800;9448
18801;9449
18802;9450
18803;9451
18804;9452
18805;9453
18806;9454
18807;9455
18808;9456
18809;9457
18812;9461
18813;9463
18814;9464
18815;9465
18816;9466
18817;9467
18818;9468
18819;9469
18820;9470
18821;9471
18822;9472
18823;9473
18824;9474
18825;9475
18826;9476
18827;9477
18828;9478
18829;9479
18830;9480
18832;9482
18928;9581
18929;9582
18930;9583
18931;9584
18932;9585
18933;9586
18934;9587
18935;9588
18936;9589
18937;9590
18938;9591
18939;9592
18940;9593
18941;9594
18942;9595
18943;9596
18944;9597
18945;9598
18946;9599
18947;9600
18948;9601
18949;9602
18951;9605
18952;9607
18953;9608
18954;9609
18955;9610
18956;9611
18957;9612
18958;9613
18959;9614
18960;9615
18961;9616
18962;9617
18963;9618
18964;9619
18965;9620
18966;9621
18967;9622
18968;9623
18969;9624
18970;9625
18972;9627
18973;9628
18974;9629
18975;9631
18976;9632
18977;9633
18978;9634
18979;9635
18980;9636
