Timestamp,X_Translation,Y_Translation,Z_Translation,Quaternion_Value_1,Quaternion_Value_2,Quaternion_Value_3,Quaternion_Value_4,Percent_Volume_Intersection
2,0,0,4,0.951056516295154,0,0,0.309016994374947,0.596532255693951
2,-1.54609416128948,1.94316621024005,3.11111111111111,0.951056516295154,0,0,0.309016994374947,0.445372377727436
2,-0.228259810593922,-3.2770300719102,2.22222222222222,0.951056516295154,0,0,0.309016994374947,0.734463446175543
2,2.7008362555452,2.56508541615378,1.33333333333333,0.951056516295154,0,0,0.309016994374947,0.115178527320542
2,-3.92565454650807,-0.0706510577467635,0.444444444444445,0.951056516295154,0,0,0.309016994374947,0
2,2.94237959246896,-2.59964565360405,-0.444444444444445,0.951056516295154,0,0,0.309016994374947,0.0705003328149072
2,-0.392359978372683,3.70408333043462,-1.33333333333333,0.951056516295154,0,0,0.309016994374947,0.723393272210984
2,-1.95146939267576,-2.64249803080076,-2.22222222222222,0.951056516295154,0,0,0.309016994374947,0.335777616701443
2,2.43706546084663,0.476459878416318,-3.11111111111111,0.951056516295154,0,0,0.309016994374947,0.17289427533047
2,-4.12838969444146e-16,2.52296002852763e-16,-4,0.951056516295154,0,0,0.309016994374947,0.61224150205357
2,-0.29768568845945,-0.254112833718122,3.96132860546778,0.951056516295154,-0.143218673622255,0.131200036867527,0.240346551180515,0.58643830157469
2,-1.8538614539559,1.69828895181518,3.11111111111111,0.951056516295154,-0.143218673622255,0.131200036867527,0.240346551180515,0.351968212820582
2,-0.262399082249763,-3.42423586509031,1.95321859077961,0.951056516295154,-0.143218673622255,0.131200036867527,0.240346551180515,0.732874032291835
2,2.49649694626137,2.56131873051851,1.68922725895697,0.951056516295154,-0.143218673622255,0.131200036867527,0.240346551180515,0.16311602502387
2,-3.95219881287848,-0.217494505657074,0.162710983631344,0.951056516295154,-0.143218673622255,0.131200036867527,0.240346551180515,0
2,3.07661936433722,-2.48180989630505,-0.419734215860938,0.951056516295154,-0.143218673622255,0.131200036867527,0.240346551180515,0.0524197281887167
2,-0.440861971085461,3.77595260055726,-1.08580292495261,0.951056516295154,-0.143218673622255,0.131200036867527,0.240346551180515,0.717753065562699
2,-1.67859014556314,-2.5595966420857,-2.52298907349988,0.951056516295154,-0.143218673622255,0.131200036867527,0.240346551180515,0.410695960695138
2,2.64724702319853,0.747621768311708,-2.87821559974342,0.951056516295154,-0.143218673622255,0.131200036867527,0.240346551180515,0.129391264637552
2,0.29768568845945,0.254112833718122,-3.96132860546778,0.951056516295154,-0.143218673622255,0.131200036867527,0.240346551180515,0.604210498193752
2,0.515868055174159,-0.000117533012279479,3.93232505956861,0.951056516295154,0.022463276829625,-0.255957453404571,0.171676107986082,0.572330594363223
2,-1.26422781376015,1.84701420360854,3.25569869123157,0.951056516295154,0.022463276829625,-0.255957453404571,0.171676107986082,0.526995612835193
2,0.29077076327225,-3.3131828742597,2.22222222222222,0.951056516295154,0.022463276829625,-0.255957453404571,0.171676107986082,0.720068105255545
2,2.66315837537797,2.76948248981763,0.952069704419654,0.951056516295154,0.022463276829625,-0.255957453404571,0.171676107986082,0.119903565733334
2,-3.82027346695443,-0.345329511924216,0.949598801636526,0.951056516295154,0.022463276829625,-0.255957453404571,0.171676107986082,0.000223961967733582
2,3.03515500518488,-2.41006789630699,-0.814875806860699,0.951056516295154,0.022463276829625,-0.255957453404571,0.171676107986082,0.0539456777312892
2,-0.819902492249794,3.6994807690913,-1.26836458831971,0.951056516295154,0.022463276829625,-0.255957453404571,0.171676107986082,0.662573105312298
2,-2.03122558937696,-2.79499691071653,-1.92356756325982,0.951056516295154,0.022463276829625,-0.255957453404571,0.171676107986082,0.315640853991953
2,1.97564430343644,0.649723864948541,-3.37777474050199,0.951056516295154,0.022463276829625,-0.255957453404571,0.171676107986082,0.281462043469182
2,-0.515868055174159,0.000117533012279704,-3.93232505956861,0.951056516295154,0.022463276829625,-0.255957453404571,0.171676107986082,0.591869157271997
2,-0.443704312966578,0.378943508154382,3.9129893623025,0.951056516295154,0.177265021430101,0.231210830219397,0.103005664791649,0.587793290407531
2,-2.06322178245567,2.05073624490146,2.68028657136666,0.951056516295154,0.177265021430101,0.231210830219397,0.103005664791649,0.294874314266094
2,-0.16594388972995,-3.07889095335207,2.48229241602477,0.951056516295154,0.177265021430101,0.231210830219397,0.103005664791649,0.736724178305556
2,2.29456663752305,2.99285585489652,1.33333333333333,0.951056516295154,0.177265021430101,0.231210830219397,0.103005664791649,0.214497912756871
2,-3.94242757070828,-0.482359547591788,0.0210705087006637,0.951056516295154,0.177265021430101,0.231210830219397,0.103005664791649,0
2,3.21605458061754,-2.2902573019078,0.144758969048422,0.951056516295154,0.177265021430101,0.231210830219397,0.103005664791649,0.0351191183892028
2,-0.58922998767216,3.51653421597477,-1.72265822548801,0.951056516295154,0.177265021430101,0.231210830219397,0.103005664791649,0.697069454354653
2,-1.44428365899711,-3.06746098158336,-2.11468073840823,0.951056516295154,0.177265021430101,0.231210830219397,0.103005664791649,0.478509868975323
2,2.72140745502455,0.46160481232275,-2.83054902307263,0.951056516295154,0.177265021430101,0.231210830219397,0.103005664791649,0.116215178647533
2,0.443704312966577,-0.378943508154381,-3.9129893623025,0.951056516295154,0.177265021430101,0.231210830219397,0.103005664791649,0.5975039065151
2,0.0963400417342574,-0.606700759816333,3.90332151366944,0.951056516295154,-0.302409015005678,-0.0534918967105474,0.0343352215972164,0.602779893486543
2,-1.74081488467345,1.21023691734849,3.34642261555374,0.951056516295154,-0.302409015005678,-0.0534918967105474,0.0343352215972164,0.379045062287968
2,0.273377519080818,-3.57537545449747,1.66055256153776,0.951056516295154,-0.302409015005678,-0.0534918967105474,0.0343352215972164,0.722597464856669
2,2.3880914042858,2.68969653531555,1.68475572189516,0.951056516295154,-0.302409015005678,-0.0534918967105474,0.0343352215972164,0.187652148374677
2,-3.91446451826851,-0.692413656002916,0.444444444444445,0.951056516295154,-0.302409015005678,-0.0534918967105474,0.0343352215972164,0
2,3.29447150048804,-2.05923608476183,-0.853945183456383,0.951056516295154,-0.302409015005678,-0.0534918967105474,0.0343352215972164,0.024450880242708
2,-0.932507523419561,3.77046816587002,-0.723353483782143,0.951056516295154,-0.302409015005678,-0.0534918967105474,0.0343352215972164,0.633252867849672
2,-1.6477813733924,-2.52449648109522,-2.56833600086792,0.951056516295154,-0.302409015005678,-0.0534918967105474,0.0343352215972164,0.423045058387232
2,2.30260686615237,1.28310529113997,-2.97536322457837,0.951056516295154,-0.302409015005678,-0.0534918967105474,0.0343352215972164,0.208169390652891
2,-0.0963400417342578,0.606700759816334,-3.90332151366944,0.951056516295154,-0.302409015005678,-0.0534918967105474,0.0343352215972164,0.622499793674172
2,0.320542052389724,0.52404199092521,3.90332151366944,0.951056516295154,0.259120253165121,-0.164831094669785,-0.0343352215972164,0.600162292863196
2,-1.6388273776778,2.06460707990095,2.97536322457837,0.951056516295154,0.259120253165121,-0.164831094669785,-0.0343352215972164,0.422731887765528
2,0.559881579447619,-2.96222864656939,2.56833600086792,0.951056516295154,0.259120253165121,-0.164831094669785,-0.0343352215972164,0.686613149133897
2,2.30060547697637,3.1294112721692,0.723353483782144,0.951056516295154,0.259120253165121,-0.164831094669785,-0.0343352215972164,0.209633557006457
2,-3.83094481600248,-0.646419010438981,0.853945183456383,0.951056516295154,0.259120253165121,-0.164831094669785,-0.0343352215972164,0.00011178173129224
2,3.35412301435715,-2.13361850862851,-0.444444444444445,0.951056516295154,0.259120253165121,-0.164831094669785,-0.0343352215972164,0.0187459188585168
2,-1.1811507273,3.39740061910733,-1.68475572189516,0.951056516295154,0.259120253165121,-0.164831094669785,-0.0343352215972164,0.563602693483322
2,-1.61690271227782,-3.20057346855066,-1.66055256153776,0.951056516295154,0.259120253165121,-0.164831094669785,-0.0343352215972164,0.431363680156521
2,2.07088815429372,0.454458041209296,-3.34642261555374,0.951056516295154,0.259120253165121,-0.164831094669785,-0.0343352215972164,0.264346882447855
2,-0.320542052389724,-0.52404199092521,-3.90332151366944,0.951056516295154,0.259120253165121,-0.164831094669785,-0.0343352215972164,0.606634828004682
2,-0.554724433916111,-0.180976523709409,3.9129893623025,0.951056516295154,-0.0756341608385664,0.281355308369333,-0.103005664791649,0.570588109828585
2,-2.33939261316763,1.46505281149843,2.83054902307263,0.951056516295154,-0.0756341608385664,0.281355308369333,-0.103005664791649,0.212268802394234
2,0.164607786726493,-3.38646961269866,2.11468073840823,0.951056516295154,-0.0756341608385664,0.281355308369333,-0.103005664791649,0.735294446125094
2,1.88640828637444,3.02566829768091,1.72265822548801,0.951056516295154,-0.0756341608385664,0.281355308369333,-0.103005664791649,0.334766927829445
2,-3.84660811048989,-0.889882924190861,-0.144758969048423,0.951056516295154,-0.0756341608385664,0.281355308369333,-0.103005664791649,0
2,3.46011802880666,-1.95012540882911,-0.0210705087006639,0.951056516295154,-0.0756341608385664,0.281355308369333,-0.103005664791649,0.0139174642381587
2,-0.979029143579014,3.64193961485431,-1.33333333333333,0.951056516295154,-0.0756341608385664,0.281355308369333,-0.103005664791649,0.608411002288562
2,-1.02138107720688,-2.9092761251376,-2.48229241602477,0.951056516295154,-0.0756341608385664,0.281355308369333,-0.103005664791649,0.59664854722573
2,2.6896014422736,1.10835344158437,-2.68028657136666,0.951056516295154,-0.0756341608385664,0.281355308369333,-0.103005664791649,0.129123695874447
2,0.554724433916111,0.180976523709409,-3.9129893623025,0.951056516295154,-0.0756341608385664,0.281355308369333,-0.103005664791649,0.591591698951048
2,0.476885189827729,-0.196724121261601,3.93232505956861,0.951056516295154,-0.118426036757195,-0.228022127385175,-0.171676107986082,0.575213481365263
2,-1.57827172798023,1.35438911212503,3.37777474050199,0.951056516295154,-0.118426036757195,-0.228022127385175,-0.171676107986082,0.421810135521842
2,0.811105364102452,-3.35857011452477,1.92356756325982,0.951056516295154,-0.118426036757195,-0.228022127385175,-0.171676107986082,0.637510576546858
2,2.16943382065396,3.10675955868434,1.26836458831971,0.951056516295154,-0.118426036757195,-0.228022127385175,-0.171676107986082,0.243657309692699
2,-3.7251088919277,-1.0696527069987,0.814875806860698,0.951056516295154,-0.118426036757195,-0.228022127385175,-0.171676107986082,0.00209285562075422
2,3.39949011410029,-1.77685362319359,-0.949598801636526,0.951056516295154,-0.118426036757195,-0.228022127385175,-0.171676107986082,0.0153549194585431
2,-1.40496481742278,3.57610397717355,-0.952069704419653,0.951056516295154,-0.118426036757195,-0.228022127385175,-0.171676107986082,0.495084777854469
2,-1.53293882100869,-2.95158041837017,-2.22222222222222,0.951056516295154,-0.118426036757195,-0.228022127385175,-0.171676107986082,0.456265455819651
2,1.87332346752607,1.22490514711653,-3.25569869123157,0.951056516295154,-0.118426036757195,-0.228022127385175,-0.171676107986082,0.320618915071139
2,-0.476885189827729,0.196724121261601,-3.93232505956861,0.951056516295154,-0.118426036757195,-0.228022127385175,-0.171676107986082,0.596927574181702
2,-0.178206063072442,0.348471950747906,3.96132860546778,0.951056516295154,0.182443759377635,0.0666281683097636,-0.240346551180515,0.597402170895321
2,-2.1617111450779,1.7011349257284,2.87821559974342,0.951056516295154,0.182443759377635,0.0666281683097636,-0.240346551180515,0.261413567284162
2,0.574966839729281,-3.00642860885965,2.52298907349988,0.951056516295154,0.182443759377635,0.0666281683097636,-0.240346551180515,0.691073048205344
2,1.84824771668321,3.32207129619155,1.08580292495261,0.951056516295154,0.182443759377635,0.0666281683097636,-0.240346551180515,0.344019616388626
2,-3.79080990790433,-1.12014611392747,0.419734215860938,0.951056516295154,0.182443759377635,0.0666281683097636,-0.240346551180515,0.000503306269121325
2,3.57021098721579,-1.7090268644093,-0.162710983631344,0.951056516295154,0.182443759377635,0.0666281683097636,-0.240346551180515,0.00600020926014124
2,-1.33033828241209,3.32009799499144,-1.68922725895697,0.951056516295154,0.182443759377635,0.0666281683097636,-0.240346551180515,0.507662437456404
2,-1.06399171284271,-3.26529725647427,-1.95321859077961,0.951056516295154,0.182443759377635,0.0666281683097636,-0.240346551180515,0.587398921867915
2,2.36160162966657,0.86245312746677,-3.11111111111111,0.951056516295154,0.182443759377635,0.0666281683097636,-0.240346551180515,0.203723651804648
2,0.178206063072442,-0.348471950747906,-3.96132860546778,0.951056516295154,0.182443759377635,0.0666281683097636,-0.240346551180515,0.605168904536945
2,-1.77982139127063e-17,-7.45352336833334e-17,4,0.951056516295154,-3.49806257007257e-17,1.44394937801647e-17,-0.309016994374947,0.597473470448022
2,-2.07089430875959,1.37029151575103,3.11111111111111,0.951056516295154,-3.49806257007257e-17,1.44394937801647e-17,-0.309016994374947,0.281144215600652
2,0.795570003024361,-3.1871769645917,2.22222222222222,0.951056516295154,-3.49806257007257e-17,1.44394937801647e-17,-0.309016994374947,0.649221959858913
2,1.77599293466761,3.27414550187418,1.33333333333333,0.951056516295154,-3.49806257007257e-17,1.44394937801647e-17,-0.309016994374947,0.366118637113826
2,-3.71168695966588,-1.28028711776948,0.444444444444445,0.951056516295154,-3.49806257007257e-17,1.44394937801647e-17,-0.309016994374947,0.00220973128032253
2,3.6017039711481,-1.56316464094356,-0.444444444444445,0.951056516295154,-3.49806257007257e-17,1.44394937801647e-17,-0.309016994374947,0.0050186223861623
2,-1.51778121185002,3.40154668708035,-1.33333333333333,0.951056516295154,-3.49806257007257e-17,1.44394937801647e-17,-0.309016994374947,0.449790242538121
2,-1.03938088313506,-3.11620217782954,-2.22222222222222,0.951056516295154,-3.49806257007257e-17,1.44394937801647e-17,-0.309016994374947,0.593208781387452
2,2.17055278760758,1.20623491592686,-3.11111111111111,0.951056516295154,-3.49806257007257e-17,1.44394937801647e-17,-0.309016994374947,0.251114146054115
2,-4.52798730652098e-16,1.86908733733193e-16,-4,0.951056516295154,-3.49806257007257e-17,1.44394937801647e-17,-0.309016994374947,0.612594457586347
2,0,0,4,0.982287250728689,0,0,0.187381314585725,0.598222983930466
2,-1.67832915422829,1.85693776676934,3.11111111111111,0.982287250728689,0,0,0.187381314585725,0.407267933343925
2,-0.022218692761231,-3.31108258942135,2.22222222222222,0.982287250728689,0,0,0.187381314585725,0.735118706772134
2,2.55464772798272,2.75137054574323,1.33333333333333,0.982287250728689,0,0,0.187381314585725,0.148964153029102
2,-3.94466924454621,-0.319532627596345,0.444444444444445,0.982287250728689,0,0,0.187381314585725,0
2,3.12451752388231,-2.42897237364277,-0.444444444444445,0.982287250728689,0,0,0.187381314585725,0.0436164160528832
2,-0.629142778367639,3.70141111719551,-1.33333333333333,0.982287250728689,0,0,0.187381314585725,0.695868190956512
2,-1.79589804996614,-2.78181807068777,-2.22222222222222,0.982287250728689,0,0,0.187381314585725,0.380007005038488
2,2.42149020129071,0.633554910516876,-3.11111111111111,0.982287250728689,0,0,0.187381314585725,0.175573016237868
2,-4.31276973341655e-16,2.27676410660745e-16,-4,0.982287250728689,0,0,0.187381314585725,0.613696926601568
2,-0.171883746047864,-0.161991188997908,3.98600474131649,0.982287250728689,-0.0868447490755148,0.0795569040843852,0.145741022455564,0.587693273259949
2,-1.8538614539559,1.69828895181518,3.11111111111111,0.982287250728689,-0.0868447490755148,0.0795569040843852,0.145741022455564,0.353825037392896
2,-0.0424016501177736,-3.40081991108128,2.07152928116108,0.982287250728689,-0.0868447490755148,0.0795569040843852,0.145741022455564,0.738449922704995
2,2.43419084338376,2.74592592055469,1.55132693382784,0.982287250728689,-0.0868447490755148,0.0795569040843852,0.145741022455564,0.177106128798038
2,-3.95559129332556,-0.413315012941441,0.267583681414618,0.982287250728689,-0.0868447490755148,0.0795569040843852,0.145741022455564,0
2,3.19813696063074,-2.35039152709959,-0.419062294099206,0.982287250728689,-0.0868447490755148,0.0795569040843852,0.145741022455564,0.0353808562835382
2,-0.655883208388324,3.74254503921461,-1.19569417572194,0.982287250728689,-0.0868447490755148,0.0795569040843852,0.145741022455564,0.688646942009593
2,-1.63672718595791,-2.72577960195302,-2.40732788396597,0.982287250728689,-0.0868447490755148,0.0795569040843852,0.145741022455564,0.42448363148802
2,2.54021074861053,0.805978239635135,-2.97385235571996,0.982287250728689,-0.0868447490755148,0.0795569040843852,0.145741022455564,0.152326239565023
2,0.171883746047864,0.161991188997909,-3.98600474131649,0.982287250728689,-0.0868447490755148,0.0795569040843852,0.145741022455564,0.604760915181224
2,0.311844933894532,0.0109409546153675,3.97550829730387,0.982287250728689,0.0136212519662622,-0.155207140610423,0.104100730325403,0.582387009352063
2,-1.50749271689526,1.79955965878865,3.21677762259307,0.982287250728689,0.0136212519662622,-0.155207140610423,0.104100730325403,0.456651149288082
2,0.29077076327225,-3.3131828742597,2.22222222222222,0.982287250728689,0.0136212519662622,-0.155207140610423,0.104100730325403,0.720346768345427
2,2.53248408574798,2.86752534545867,1.11534328235478,0.982287250728689,0.0136212519662622,-0.155207140610423,0.104100730325403,0.150070220389566
2,-3.88100146327139,-0.483436210721962,0.751637131090253,0.982287250728689,0.0136212519662622,-0.155207140610423,0.104100730325403,0
2,3.1800073101187,-2.30527410059128,-0.677588819548721,0.982287250728689,0.0136212519662622,-0.155207140610423,0.104100730325403,0.0356786283067515
2,-0.886730406838291,3.67964802769422,-1.28918964125584,0.982287250728689,0.0136212519662622,-0.155207140610423,0.104100730325403,0.646590933874941
2,-1.84473836986242,-2.86884513332743,-2.05807152718329,0.982287250728689,0.0136212519662622,-0.155207140610423,0.104100730325403,0.368147537799731
2,2.14268195775899,0.727364107501398,-3.28387474542037,0.982287250728689,0.0136212519662622,-0.155207140610423,0.104100730325403,0.243545353209529
2,-0.311844933894533,-0.0109409546153673,-3.97550829730387,0.982287250728689,0.0136212519662622,-0.155207140610423,0.104100730325403,0.600516306054973
2,-0.273628784971919,0.223814740698967,3.96851066796211,0.982287250728689,0.107489728235904,0.140201316114023,0.0624604381952415,0.588758388099215
2,-1.99617459953143,1.91659611054854,2.86599996441432,0.982287250728689,0.107489728235904,0.140201316114023,0.0624604381952415,0.315983496506392
2,0.0209614474705495,-3.18390091659708,2.39635211517856,0.982287250728689,0.107489728235904,0.140201316114023,0.0624604381952415,0.737650294280886
2,2.29456663752305,2.99285585489652,1.33333333333333,0.982287250728689,0.107489728235904,0.140201316114023,0.0624604381952415,0.214151961438401
2,-3.94586400102641,-0.557476210121468,0.195594354909956,0.982287250728689,0.107489728235904,0.140201316114023,0.0624604381952415,0
2,3.28985211607144,-2.24216944786446,-0.0901810646818149,0.982287250728689,0.107489728235904,0.140201316114023,0.0624604381952415,0.0262954234819971
2,-0.754419735844175,3.57999089503959,-1.58081658182934,0.982287250728689,0.107489728235904,0.140201316114023,0.0624604381952415,0.669541856391069
2,-1.47521212013791,-3.02236862627214,-2.16267136679871,0.982287250728689,0.107489728235904,0.140201316114023,0.0624604381952415,0.471213380649127
2,2.59060422398419,0.620236461000962,-2.9615177194424,0.982287250728689,0.107489728235904,0.140201316114023,0.0624604381952415,0.143674929466629
2,0.273628784971919,-0.223814740698967,-3.96851066796211,0.982287250728689,0.107489728235904,0.140201316114023,0.0624604381952415,0.600471171091293
2,0.0610206945192706,-0.36743011752621,3.96501185329124,0.982287250728689,-0.183374376833082,-0.0324363452747335,0.0208201460650805,0.592324198445146
2,-1.78547900894347,1.41443749048183,3.2711716708936,0.982287250728689,-0.183374376833082,-0.0324363452747335,0.0208201460650805,0.367192053526353
2,0.285100995535861,-3.49143788477014,1.89457652886383,0.982287250728689,-0.183374376833082,-0.0324363452747335,0.0208201460650805,0.723753428157953
2,2.34969304202202,2.82422343807167,1.55614400723075,0.982287250728689,-0.183374376833082,-0.0324363452747335,0.0208201460650805,0.196503402860661
2,-3.91446451826851,-0.692413656002916,0.444444444444445,0.982287250728689,-0.183374376833082,-0.0324363452747335,0.0208201460650805,0
2,3.32067392706648,-2.1043475562228,-0.693446675389665,0.982287250728689,-0.183374376833082,-0.0324363452747335,0.0208201460650805,0.0225619236233385
2,-0.95562570839642,3.74185137632101,-0.971550917842233,0.982287250728689,-0.183374376833082,-0.0324363452747335,0.0208201460650805,0.627598122437666
2,-1.60141916976891,-2.70843740323381,-2.44656601282358,0.982287250728689,-0.183374376833082,-0.0324363452747335,0.0208201460650805,0.434405766508563
2,2.32352828248069,1.11978140889295,-3.04554419977115,0.982287250728689,-0.183374376833082,-0.0324363452747335,0.0208201460650805,0.203458444265588
2,-0.0610206945192711,0.36743011752621,-3.96501185329124,0.982287250728689,-0.183374376833082,-0.0324363452747335,0.0208201460650805,0.611977121538297
2,0.196599523820153,0.316349559283125,3.96501185329124,0.982287250728689,0.157124994928119,-0.099950060242811,-0.0208201460650805,0.594121294735192
2,-1.72048326981734,1.92162207560919,3.04554419977115,0.982287250728689,0.157124994928119,-0.099950060242811,-0.0208201460650805,0.397459712700859
2,0.446843044932716,-3.11456382463653,2.44656601282358,0.982287250728689,0.157124994928119,-0.099950060242811,-0.0208201460650805,0.703883481367873
2,2.3110557490833,3.09413857828841,0.971550917842234,0.982287250728689,0.157124994928119,-0.099950060242811,-0.0208201460650805,0.206946469967919
2,-3.87237748360195,-0.67811989483617,0.693446675389664,0.982287250728689,0.157124994928119,-0.099950060242811,-0.0208201460650805,0
2,3.35412301435715,-2.13361850862851,-0.444444444444445,0.982287250728689,0.157124994928119,-0.099950060242811,-0.0208201460650805,0.0187340538982231
2,-1.09432776991963,3.50709882265424,-1.55614400723075,0.982287250728689,0.157124994928119,-0.099950060242811,-0.0208201460650805,0.589307878612265
2,-1.59571233800025,-3.11851298140917,-1.89457652886382,0.982287250728689,0.157124994928119,-0.099950060242811,-0.0208201460650805,0.438284345443589
2,2.19008727637478,0.62616805070174,-3.2711716708936,0.982287250728689,0.157124994928119,-0.099950060242811,-0.0208201460650805,0.235942195201139
2,-0.196599523820153,-0.316349559283125,-3.96501185329124,0.982287250728689,0.157124994928119,-0.099950060242811,-0.0208201460650805,0.604425182369324
2,-0.338325500045027,-0.102477344513981,3.96851066796211,0.982287250728689,-0.0458629419853929,0.170607858168307,-0.0624604381952415,0.581928394301948
2,-2.15795830568688,1.56177445996427,2.96151771944241,0.982287250728689,-0.0458629419853929,0.170607858168307,-0.0624604381952415,0.265088005676773
2,0.21040164948239,-3.35658964700349,2.16267136679871,0.982287250728689,-0.0458629419853929,0.170607858168307,-0.0624604381952415,0.730143786276762
2,2.06331299857448,3.02129498995235,1.58081658182934,0.982287250728689,-0.0458629419853929,0.170607858168307,-0.0624604381952415,0.280427402075711
2,-3.89647430556058,-0.817275207419599,0.0901810646818146,0.982287250728689,-0.0458629419853929,0.170607858168307,-0.0624604381952415,0
2,3.43463323392875,-2.02087035404049,-0.195594354909956,0.982287250728689,-0.0458629419853929,0.170607858168307,-0.0624604381952415,0.0147951985545842
2,-0.979029143579014,3.64193961485431,-1.33333333333333,0.982287250728689,-0.0458629419853929,0.170607858168307,-0.0624604381952415,0.614050283865063
2,-1.23421341949645,-2.9350266888263,-2.39635211517856,0.982287250728689,-0.0458629419853929,0.170607858168307,-0.0624604381952415,0.539855257159315
2,2.57644464878997,1.00994388681045,-2.86599996441432,0.982287250728689,-0.0458629419853929,0.170607858168307,-0.0624604381952415,0.150214632568058
2,0.338325500045027,0.102477344513981,-3.96851066796211,0.982287250728689,-0.0458629419853929,0.170607858168307,-0.0624604381952415,0.599766990139603
2,0.284077887501172,-0.129099655756521,3.97550829730387,0.982287250728689,-0.0718110228650248,-0.138267754724921,-0.104100730325403,0.582880182413697
2,-1.70304810935937,1.48988981276961,3.28387474542038,0.982287250728689,-0.0718110228650248,-0.138267754724921,-0.104100730325403,0.391466548443408
2,0.610549468876025,-3.35567599721939,2.0580715271833,0.982287250728689,-0.0718110228650248,-0.138267754724921,-0.104100730325403,0.679207832412902
2,2.22363859695212,3.06292863323166,1.28918964125584,0.982287250728689,-0.0718110228650248,-0.138267754724921,-0.104100730325403,0.229945478408665
2,-3.81901773196584,-0.917517702388208,0.677588819548721,0.982287250728689,-0.0718110228650248,-0.138267754724921,-0.104100730325403,0.000223369292004503
2,3.40292827164943,-1.92768309266873,-0.751637131090254,0.982287250728689,-0.0718110228650248,-0.138267754724921,-0.104100730325403,0.0149435529079452
2,-1.24676773862681,3.61686984246517,-1.11534328235478,0.982287250728689,-0.0718110228650248,-0.138267754724921,-0.104100730325403,0.543230786749953
2,-1.53293882100869,-2.95158041837017,-2.22222222222222,0.982287250728689,-0.0718110228650248,-0.138267754724921,-0.104100730325403,0.456482198437106
2,2.08007771401602,1.08822146674549,-3.21677762259307,0.982287250728689,-0.0718110228650248,-0.138267754724921,-0.104100730325403,0.266189649109044
2,-0.284077887501173,0.129099655756521,-3.97550829730387,0.982287250728689,-0.0718110228650248,-0.138267754724921,-0.104100730325403,0.60224311363554
2,-0.0970712005530368,0.215319180500936,3.98600474131649,0.982287250728689,0.110630004473678,0.0404019001983232,-0.145741022455564,0.593528698462542
2,-2.0405063547075,1.71423609415976,2.97385235571996,0.982287250728689,0.110630004473678,0.0404019001983232,-0.145741022455564,0.298678095029122
2,0.4728628257347,-3.14406600880374,2.40732788396597,0.982287250728689,0.110630004473678,0.0404019001983232,-0.145741022455564,0.704112868406163
2,2.03425477273755,3.20914843427196,1.19569417572194,0.982287250728689,0.110630004473678,0.0404019001983232,-0.145741022455564,0.28722558498017
2,-3.85299063706912,-0.952304310749266,0.419062294099205,0.982287250728689,0.110630004473678,0.0404019001983232,-0.145741022455564,0
2,3.49863024197617,-1.89132710277347,-0.267583681414618,0.982287250728689,0.110630004473678,0.0404019001983232,-0.145741022455564,0.00943897888509906
2,-1.20230785668805,3.46696553789242,-1.55132693382783,0.982287250728689,0.110630004473678,0.0404019001983232,-0.145741022455564,0.550839242270046
2,-1.25841085428294,-3.1597113933653,-2.07152928116108,0.982287250728689,0.110630004473678,0.0404019001983232,-0.145741022455564,0.533816158651998
2,2.36160162966657,0.86245312746677,-3.11111111111111,0.982287250728689,0.110630004473678,0.0404019001983232,-0.145741022455564,0.200034062710535
2,0.0970712005530364,-0.215319180500936,-3.98600474131649,0.982287250728689,0.110630004473678,0.0404019001983232,-0.145741022455564,0.603885660593261
2,-1.35014469240351e-17,-4.4078344464786e-17,4,0.982287250728689,-2.12115053480844e-17,8.75580105861972e-18,-0.187381314585725,0.598575939463243
2,-1.99655677056584,1.50955877046728,3.11111111111111,0.982287250728689,-2.12115053480844e-17,8.75580105861972e-18,-0.187381314585725,0.307125069723385
2,0.598609869680462,-3.2565975815563,2.22222222222222,0.982287250728689,-2.12115053480844e-17,8.75580105861972e-18,-0.187381314585725,0.682343679168849
2,1.99384246352662,3.18132945868685,1.33333333333333,0.982287250728689,-2.12115053480844e-17,8.75580105861972e-18,-0.187381314585725,0.297126260711338
2,-3.81492386344728,-1.05303013492867,0.444444444444445,0.982287250728689,-2.12115053480844e-17,8.75580105861972e-18,-0.187381314585725,0.00033660462644263
2,3.52431776485355,-1.80047239393029,-0.444444444444445,0.982287250728689,-2.12115053480844e-17,8.75580105861972e-18,-0.187381314585725,0.00770826389778298
2,-1.31157421104087,3.51795934925394,-1.33333333333333,0.982287250728689,-2.12115053480844e-17,8.75580105861972e-18,-0.187381314585725,0.518771718336386
2,-1.24282703106646,-3.06906216214787,-2.22222222222222,0.982287250728689,-2.12115053480844e-17,8.75580105861972e-18,-0.187381314585725,0.540964314484428
2,2.25988260049742,1.07607492841159,-3.11111111111111,0.982287250728689,-2.12115053480844e-17,8.75580105861972e-18,-0.187381314585725,0.226854467178376
2,-4.52798730652098e-16,1.86908733733193e-16,-4,0.982287250728689,-2.12115053480844e-17,8.75580105861972e-18,-0.187381314585725,0.613579274757309
2,0,0,4,0.998026728428272,0,0,0.0627905195293134,0.595880847649511
2,-1.79871414510571,1.75481582107521,3.11111111111111,0.998026728428272,0,0,0.0627905195293134,0.368531627322229
2,0.186465641446527,-3.31904279311575,2.22222222222222,0.998026728428272,0,0,0.0627905195293134,0.733549482932029
2,2.38626422296807,2.9178644805758,1.33333333333333,0.998026728428272,0,0,0.0627905195293134,0.189048475306528
2,-3.9323408740871,-0.56883486552071,0.444444444444445,0.998026728428272,0,0,0.0627905195293134,0
2,3.28382820924393,-2.23681696757287,-0.444444444444445,0.998026728428272,0,0,0.0627905195293134,0.0257301402256097
2,-0.86372355813501,3.66908322118017,-1.33333333333333,0.998026728428272,0,0,0.0627905195293134,0.651631097515164
2,-1.62409200266135,-2.90054127101565,-2.22222222222222,0.998026728428272,0,0,0.0627905195293134,0.427463643639486
2,2.38634852895844,0.787459103723562,-3.11111111111111,0.998026728428272,0,0,0.0627905195293134,0.188599669137938
2,-4.46483934972806e-16,2.00940056657731e-16,-4,0.998026728428272,0,0,0.0627905195293134,0.6105312274108
2,-0.0547408452829675,-0.0568992231832751,3.99844087184456,0.998026728428272,-0.0291012309573148,0.0266591113988421,0.0488370707450215,0.586652294607759
2,-1.8538614539559,1.69828895181518,3.11111111111111,0.998026728428272,-0.0291012309573148,0.0266591113988421,0.0488370707450215,0.353650919390207
2,0.179874084605367,-3.34927055477329,2.1758401536667,0.998026728428272,-0.0291012309573148,0.0266591113988421,0.0488370707450215,0.73074911431953
2,2.34704218310355,2.91499344070836,1.40710609837047,0.998026728428272,-0.0291012309573148,0.0266591113988421,0.0488370707450215,0.199258996656725
2,-3.93428757302236,-0.601830316147236,0.38318469652912,0.998026728428272,-0.0291012309573148,0.0266591113988421,0.0488370707450215,0
2,3.30592126223613,-2.20812469477384,-0.432495767211598,0.998026728428272,-0.0291012309573148,0.0266591113988421,0.0488370707450215,0.0240511765619772
2,-0.871799967418347,3.68205701398605,-1.29133640810746,0.998026728428272,-0.0291012309573148,0.0266591113988421,0.0488370707450215,0.645801080624448
2,-1.57283989985901,-2.8798528170959,-2.28515320020527,0.998026728428272,-0.0291012309573148,0.0266591113988421,0.0488370707450215,0.445781757154516
2,2.42324069647536,0.847885195602286,-3.06642905290547,0.998026728428272,-0.0291012309573148,0.0266591113988421,0.0488370707450215,0.180383322124362
2,0.054740845282967,0.0568992231832752,-3.99844087184456,0.998026728428272,-0.0291012309573148,0.0266591113988421,0.0488370707450215,0.603837614210841
2,0.104177617452155,0.00731276542886807,3.99727152572798,0.998026728428272,0.00456441182244989,-0.0520091184925977,0.0348836219607297,0.585168399481297
2,-1.74149465171014,1.73589547806621,3.15247705415703,0.998026728428272,0.00456441182244989,-0.0520091184925977,0.0348836219607297,0.388519460121178
2,0.29077076327225,-3.3131828742597,2.22222222222222,0.998026728428272,0.00456441182244989,-0.0520091184925977,0.0348836219607297,0.72077164152499
2,2.37906360282636,2.95420875420681,1.26465696167516,0.998026728428272,0.00456441182244989,-0.0520091184925977,0.0348836219607297,0.190498710125326
2,-3.91108329947234,-0.622878770307951,0.547673829239548,0.998026728428272,0.00456441182244989,-0.0520091184925977,0.0348836219607297,0
2,3.30216849261632,-2.19247142659682,-0.525392075231292,0.998026728428272,0.00456441182244989,-0.0520091184925977,0.0348836219607297,0.0237134412638124
2,-0.949488507201297,3.65550820724966,-1.3169687797791,0.998026728428272,0.00456441182244989,-0.0520091184925977,0.0348836219607297,0.629346806922277
2,-1.64061638006051,-2.92790057489756,-2.17282791017109,0.998026728428272,0.00456441182244989,-0.0520091184925977,0.0348836219607297,0.425469153058531
2,2.29324837487322,0.815167389284073,-3.17266713755497,0.998026728428272,0.00456441182244989,-0.0520091184925977,0.0348836219607297,0.20930365532733
2,-0.104177617452155,-0.00731276542886787,-3.99727152572798,0.998026728428272,0.00456441182244989,-0.0520091184925977,0.0348836219607297,0.600819318101876
2,-0.0932068531501065,0.0730228018618091,3.99649196165026,0.998026728428272,0.0360192578161755,0.046980743501325,0.0209301731764378,0.589714849327802
2,-1.90663655824499,1.7729626735792,3.03431734226501,0.998026728428272,0.0360192578161755,0.046980743501325,0.0209301731764378,0.339611652108067
2,0.202720915539762,-3.27409556633114,2.28601239571708,0.998026728428272,0.0360192578161755,0.046980743501325,0.0209301731764378,0.728878939841553
2,2.29456663752305,2.99285585489652,1.33333333333333,0.998026728428272,0.0360192578161755,0.046980743501325,0.0209301731764378,0.213515931538347
2,-3.9297689679549,-0.644691751625986,0.363663668495495,0.998026728428272,0.0360192578161755,0.046980743501325,0.0209301731764378,0
2,3.33902697950086,-2.17448635212946,-0.326731627465238,0.998026728428272,0.0360192578161755,0.046980743501325,0.0209301731764378,0.020777891771263
2,-0.907656637757477,3.62584804568589,-1.42004025110408,0.998026728428272,0.0360192578161755,0.046980743501325,0.0209301731764378,0.636561327822048
2,-1.51228093081466,-2.97547360730791,-2.2041412486495,0.998026728428272,0.0360192578161755,0.046980743501325,0.0209301731764378,0.461287447214339
2,2.44192341264294,0.781568760856329,-3.06778243608933,0.998026728428272,0.0360192578161755,0.046980743501325,0.0209301731764378,0.176730437704405
2,0.093206853150106,-0.0730228018618089,-3.99649196165026,0.998026728428272,0.0360192578161755,0.046980743501325,0.0209301731764378,0.60454652121486
2,0.0213093787307828,-0.12297153706742,3.9961021796114,0.998026728428272,-0.0614478151952858,-0.0108692532974036,0.00697672439214593,0.599832628172971
2,-1.83100200785097,1.60717612887148,3.17049924875525,0.998026728428272,-0.0614478151952858,-0.0108692532974036,0.00697672439214593,0.36030248101206
2,0.290485828559161,-3.37929515704767,2.11671429014549,0.998026728428272,-0.0614478151952858,-0.0108692532974036,0.00697672439214593,0.707993587921555
2,2.31251436180443,2.94138019511695,1.4112132135583,0.998026728428272,-0.0614478151952858,-0.0108692532974036,0.00697672439214593,0.205684322084872
2,-3.91446451826851,-0.692413656002916,0.444444444444445,0.998026728428272,-0.0614478151952858,-0.0108692532974036,0.00697672439214593,0
2,3.34381584505921,-2.12905277409443,-0.528112205453272,0.998026728428272,-0.0614478151952858,-0.0108692532974036,0.00697672439214593,0.022610354040091
2,-0.972778289719714,3.68269610618919,-1.214782865506,0.998026728428272,-0.0614478151952858,-0.0108692532974036,0.00697672439214593,0.630253686826479
2,-1.55550287459686,-2.87534679072599,-2.30218943246857,0.998026728428272,-0.0614478151952858,-0.0108692532974036,0.00697672439214593,0.455049253087293
2,2.34808178077848,0.949428818253739,-3.09468568973917,0.998026728428272,-0.0614478151952858,-0.0108692532974036,0.00697672439214593,0.204060690170469
2,-0.0213093787307832,0.12297153706742,-3.9961021796114,0.998026728428272,-0.0614478151952858,-0.0108692532974036,0.00697672439214593,0.618306565707236
2,0.0666178075619432,0.105537463804356,3.9961021796114,0.998026728428272,0.052651781659178,-0.0334927536585358,-0.00697672439214594,0.589287954706498
2,-1.80817830951524,1.77352596010127,3.09468568973917,0.998026728428272,0.052651781659178,-0.0334927536585358,-0.00697672439214594,0.367984893681263
2,0.340715175103856,-3.25132611856628,2.30218943246858,0.998026728428272,0.052651781659178,-0.0334927536585358,-0.00697672439214594,0.717967035775595
2,2.30433958899192,3.03291398989415,1.214782865506,0.998026728428272,0.052651781659178,-0.0334927536585358,-0.00697672439214594,0.211072858066577
2,-3.90319504686073,-0.692126106074698,0.528112205453272,0.998026728428272,0.052651781659178,-0.0334927536585358,-0.00697672439214594,0
2,3.35412301435715,-2.13361850862851,-0.444444444444445,0.998026728428272,0.052651781659178,-0.0334927536585358,-0.00697672439214594,0.0202404801798872
2,-1.01525991063066,3.6012063867049,-1.4112132135583,0.998026728428272,0.052651781659178,-0.0334927536585358,-0.00697672439214594,0.609069828268714
2,-1.55790100804951,-3.01279973183713,-2.11671429014549,0.998026728428272,0.052651781659178,-0.0334927536585358,-0.00697672439214594,0.447512110528486
2,2.30570692075529,0.786955562627115,-3.17049924875524,0.998026728428272,0.052651781659178,-0.0334927536585358,-0.00697672439214594,0.209355387581323
2,-0.0666178075619436,-0.105537463804355,-3.9961021796114,0.998026728428272,0.052651781659178,-0.0334927536585358,-0.00697672439214594,0.60406077854751
2,-0.114017658526058,-0.0319346302644898,3.99649196165026,0.998026728428272,-0.0153684371399163,0.0571698201277724,-0.0209301731764378,0.587584337906938
2,-1.95896848553682,1.65417113801257,3.06778243608933,0.998026728428272,-0.0153684371399163,0.0571698201277724,-0.0209301731764378,0.324236460379886
2,0.262559134914113,-3.32738628688716,2.2041412486495,0.998026728428272,-0.0153684371399163,0.0571698201277724,-0.0209301731764378,0.725131025932149
2,2.22245393759786,3.00521432142953,1.42004025110409,0.998026728428272,-0.0153684371399163,0.0571698201277724,-0.0209301731764378,0.233622851401919
2,-3.91610395312214,-0.735949654373932,0.326731627465238,0.998026728428272,-0.0153684371399163,0.0571698201277724,-0.0209301731764378,0
2,3.38647821285355,-2.09534648924329,-0.363663668495495,0.998026728428272,-0.0153684371399163,0.0571698201277724,-0.0209301731764378,0.0164353626054308
2,-0.979029143579014,3.64193961485431,-1.33333333333333,0.998026728428272,-0.0153684371399163,0.0571698201277724,-0.0209301731764378,0.620393919126129
2,-1.43663632270838,-2.94904622265258,-2.28601239571708,0.998026728428272,-0.0153684371399163,0.0571698201277724,-0.0209301731764378,0.482908247840551
2,2.43887629987464,0.911340771090177,-3.034317342265,0.998026728428272,-0.0153684371399163,0.0571698201277724,-0.0209301731764378,0.178471652780247
2,0.114017658526058,0.03193463026449,-3.99649196165026,0.998026728428272,-0.0153684371399163,0.0571698201277724,-0.0209301731764378,0.604115339614028
2,0.0935058852278653,-0.0465091597857722,3.99727152572798,0.998026728428272,-0.0240635062444472,-0.0463328169755027,-0.0348836219607296,0.58572042957481
2,-1.80872160307319,1.62849996745079,3.17266713755497,0.998026728428272,-0.0240635062444472,-0.0463328169755027,-0.0348836219607296,0.366715574081404
2,0.399337232506221,-3.33237957888092,2.17282791017109,0.998026728428272,-0.0240635062444472,-0.0463328169755027,-0.0348836219607296,0.71081445191977
2,2.27243806494425,3.01666934210055,1.3169687797791,0.998026728428272,-0.0240635062444472,-0.0463328169755027,-0.0348836219607296,0.217275731539114
2,-3.88889629498437,-0.766637669912123,0.525392075231291,0.998026728428272,-0.0240635062444472,-0.0463328169755027,-0.0348836219607296,0
2,3.37752908103806,-2.06805412033968,-0.547673829239548,0.998026728428272,-0.0240635062444472,-0.0463328169755027,-0.0348836219607296,0.0167512470070048
2,-1.07187958690139,3.63845669768232,-1.26465696167516,0.998026728428272,-0.0240635062444472,-0.0463328169755027,-0.0348836219607296,0.593962724430885
2,-1.53293882100869,-2.95158041837017,-2.22222222222222,0.998026728428272,-0.0240635062444472,-0.0463328169755027,-0.0348836219607296,0.456411831963613
2,2.27208488644484,0.94008882638539,-3.15247705415703,0.998026728428272,-0.0240635062444472,-0.0463328169755027,-0.0348836219607296,0.216440445860033
2,-0.0935058852278658,0.0465091597857723,-3.99727152572798,0.998026728428272,-0.0240635062444472,-0.0463328169755027,-0.0348836219607296,0.603203888032947
2,-0.0288891938337142,0.0734812644202046,3.99844087184456,0.998026728428272,0.0370715483120092,0.0135384699858299,-0.0488370707450215,0.587010278318953
2,-1.91639573920621,1.70834192968744,3.06642905290547,0.998026728428272,0.0370715483120092,0.0135384699858299,-0.0488370707450215,0.33599719785912
2,0.355021274123381,-3.26210629710982,2.28515320020527,0.998026728428272,0.0370715483120092,0.0135384699858299,-0.0488370707450215,0.714990937317889
2,2.21075687578068,3.07085217384734,1.29133640810746,0.998026728428272,0.0370715483120092,0.0135384699858299,-0.0488370707450215,0.235867041944482
2,-3.89833775569216,-0.779674805492619,0.432495767211598,0.998026728428272,0.0370715483120092,0.0135384699858299,-0.0488370707450215,0
2,3.40700902075094,-2.05745181454968,-0.38318469652912,0.998026728428272,0.0370715483120092,0.0135384699858299,-0.0488370707450215,0.0148650966944331
2,-1.05724358405508,3.58999021901378,-1.40710609837047,0.998026728428272,0.0370715483120092,0.0135384699858299,-0.0488370707450215,0.597107202546149
2,-1.44420145465947,-3.02725124390816,-2.1758401536667,0.998026728428272,0.0370715483120092,0.0135384699858299,-0.0488370707450215,0.481025336075797
2,2.36160162966657,0.86245312746677,-3.11111111111111,0.998026728428272,0.0370715483120092,0.0135384699858299,-0.0488370707450215,0.19741741733475
2,0.0288891938337138,-0.0734812644202044,-3.99844087184456,0.998026728428272,0.0370715483120092,0.0135384699858299,-0.0488370707450215,0.601782485475777
2,-5.42130081638139e-18,-1.44001446153212e-17,4,0.998026728428272,-7.10786688496472e-18,2.93402412391832e-18,-0.0627905195293134,0.59599849949377
2,-1.90535059070108,1.63841089724595,3.11111111111111,0.998026728428272,-7.10786688496472e-18,2.93402412391832e-18,-0.0627905195293134,0.337044535477734
2,0.394502115416918,-3.30078514582595,2.22222222222222,0.998026728428272,-7.10786688496472e-18,2.93402412391832e-18,-0.0627905195293134,0.711072530376467
2,2.19834124896277,3.0619415118405,1.33333333333333,0.998026728428272,-7.10786688496472e-18,2.93402412391832e-18,-0.0627905195293134,0.241339740126364
2,-3.88886386089749,-0.814626126301854,0.444444444444445,0.998026728428272,-7.10786688496472e-18,2.93402412391832e-18,-0.0627905195293134,0
2,3.41779922387807,-2.02620984093616,-0.444444444444445,0.998026728428272,-7.10786688496472e-18,2.93402412391832e-18,-0.0627905195293134,0.0144721175415744
2,-1.0924028386461,3.60760947262051,-1.33333333333333,0.998026728428272,-7.10786688496472e-18,2.93402412391832e-18,-0.0627905195293134,0.584518895818628
2,-1.43876073475934,-2.99679529599344,-2.22222222222222,0.998026728428272,-7.10786688496472e-18,2.93402412391832e-18,-0.0627905195293134,0.482672805607388
2,2.33219464901512,0.935745296971599,-3.11111111111111,0.998026728428272,-7.10786688496472e-18,2.93402412391832e-18,-0.0627905195293134,0.202455335249932
2,-4.52798730652098e-16,1.86908733733193e-16,-4,0.998026728428272,-7.10786688496472e-18,2.93402412391832e-18,-0.0627905195293134,0.611237138476354
2,0,0,4,0.998026728428272,0,0,-0.0627905195293134,0.59599849949377
2,-1.90535059070108,1.63841089724595,3.11111111111111,0.998026728428272,0,0,-0.0627905195293134,0.337044535477734
2,0.394502115416918,-3.30078514582595,2.22222222222222,0.998026728428272,0,0,-0.0627905195293134,0.711072530376467
2,2.19834124896277,3.0619415118405,1.33333333333333,0.998026728428272,0,0,-0.0627905195293134,0.241339740126364
2,-3.88886386089749,-0.814626126301854,0.444444444444445,0.998026728428272,0,0,-0.0627905195293134,0
2,3.41779922387807,-2.02620984093616,-0.444444444444445,0.998026728428272,0,0,-0.0627905195293134,0.0144721175415744
2,-1.0924028386461,3.60760947262051,-1.33333333333333,0.998026728428272,0,0,-0.0627905195293134,0.584518895818628
2,-1.43876073475934,-2.99679529599344,-2.22222222222222,0.998026728428272,0,0,-0.0627905195293134,0.482672805607388
2,2.33219464901512,0.935745296971599,-3.11111111111111,0.998026728428272,0,0,-0.0627905195293134,0.202455335249932
2,-4.5822003146848e-16,1.72508589117872e-16,-4,0.998026728428272,0,0,-0.0627905195293134,0.611237138476354
2,0.0518956003124008,0.0595057006459841,3.99844087184456,0.998026728428272,0.0291012309573148,-0.0266591113988421,-0.0488370707450215,0.588748514582143
2,-1.8538614539559,1.69828895181518,3.11111111111111,0.998026728428272,0.0291012309573148,-0.0266591113988421,-0.0488370707450215,0.354545245610606
2,0.400922700801986,-3.27040076030941,2.26450616352475,0.998026728428272,0.0291012309573148,-0.0266591113988421,-0.0488370707450215,0.71049757063678
2,2.23642535185344,3.06585499519066,1.25883920131338,0.998026728428272,0.0291012309573148,-0.0266591113988421,-0.0488370707450215,0.228685687405138
2,-3.88862362436429,-0.780067416329319,0.507690931909794,0.998026728428272,0.0291012309573148,-0.0266591113988421,-0.0488370707450215,0
2,3.39827244632987,-2.05725303225965,-0.459822781302366,0.998026728428272,0.0291012309573148,-0.0266591113988421,-0.0488370707450215,0.0147388905013868
2,-1.08520711190321,3.59544245716322,-1.37122128697054,0.998026728428272,0.0291012309573148,-0.0266591113988421,-0.0488370707450215,0.589310127979715
2,-1.48793582793265,-3.01938646087266,-2.15839178996431,0.998026728428272,0.0291012309573148,-0.0266591113988421,-0.0488370707450215,0.467805466149749
2,2.29818155438971,0.872681738483558,-3.15448570148271,0.998026728428272,0.0291012309573148,-0.0266591113988421,-0.0488370707450215,0.210286849017273
2,-0.0518956003124012,-0.059505700645984,-3.99844087184456,0.998026728428272,0.0291012309573148,-0.0266591113988421,-0.0488370707450215,0.603696402141301
2,-0.103858856518236,-0.0109448818609315,3.99727152572798,0.998026728428272,-0.00456441182244989,0.0520091184925977,-0.0348836219607297,0.58511447249193
2,-1.96254326790676,1.65702568360233,3.06381104429898,0.998026728428272,-0.00456441182244989,0.0520091184925977,-0.0348836219607297,0.322888135471835
2,0.29077076327225,-3.3131828742597,2.22222222222222,0.998026728428272,-0.00456441182244989,0.0520091184925977,-0.0348836219607297,0.72229833997921
2,2.20531645927773,3.02816566692393,1.39765597646223,0.998026728428272,-0.00456441182244989,0.0520091184925977,-0.0348836219607297,0.23872584897373
2,-3.91004456703037,-0.761458098218564,0.340925519196366,0.998026728428272,-0.00456441182244989,0.0520091184925977,-0.0348836219607297,0
2,3.39971199785423,-2.07343883987756,-0.360685807484224,0.998026728428272,-0.00456441182244989,0.0520091184925977,-0.0348836219607297,0.0153905732760649
2,-1.00718706060622,3.62744200714644,-1.35126391028051,0.998026728428272,-0.00456441182244989,0.0520091184925977,-0.0348836219607297,0.611862086963668
2,-1.42207874568695,-2.97123189583533,-2.26602693551136,0.998026728428272,-0.00456441182244989,0.0520091184925977,-0.0348836219607297,0.487144496013085
2,2.42496903243724,0.911749000091715,-3.04590572731401,0.998026728428272,-0.00456441182244989,0.0520091184925977,-0.0348836219607297,0.182701123378914
2,0.103858856518235,0.0109448818609317,-3.99727152572798,0.998026728428272,-0.00456441182244989,0.0520091184925977,-0.0348836219607297,0.601174118443026
2,0.0947161208551934,-0.071054229402893,3.99649196165026,0.998026728428272,-0.0360192578161755,-0.046980743501325,-0.0209301731764378,0.588752344894573
2,-1.79601972699488,1.6221011190969,3.18258423932209,0.998026728428272,-0.0360192578161755,-0.046980743501325,-0.0209301731764378,0.370018993872685
2,0.376468059088392,-3.34805247904827,2.15301338093001,0.998026728428272,-0.0360192578161755,-0.046980743501325,-0.0209301731764378,0.711868006140891
2,2.29456663752305,2.99285585489652,1.33333333333333,0.998026728428272,-0.0360192578161755,-0.046980743501325,-0.0209301731764378,0.211880861657483
2,-3.89439629978,-0.742630730915779,0.522627895982296,0.998026728428272,-0.0360192578161755,-0.046980743501325,-0.0209301731764378,0
2,3.36280365393387,-2.08827541755448,-0.561162175618297,0.998026728428272,-0.0360192578161755,-0.046980743501325,-0.0209301731764378,0.0180442991336236
2,-1.04652405592961,3.65338247325424,-1.2428647720909,0.998026728428272,-0.0360192578161755,-0.046980743501325,-0.0209301731764378,0.602767880804907
2,-1.55490549373915,-2.92751548715345,-2.23843637915092,0.998026728428272,-0.0360192578161755,-0.046980743501325,-0.0209301731764378,0.450310715444019
2,2.27770980621326,0.943057405144888,-3.14766731495241,0.998026728428272,-0.0360192578161755,-0.046980743501325,-0.0209301731764378,0.215548392132997
2,-0.0947161208551938,0.0710542294028931,-3.99649196165026,0.998026728428272,-0.0360192578161755,-0.046980743501325,-0.0209301731764378,0.606352313177884
2,-0.0221676344588316,0.122819723713724,3.9961021796114,0.998026728428272,0.0614478151952858,0.0108692532974036,-0.00697672439214593,0.601771309751372
2,-1.87666595650904,1.78541322905357,3.04599301337457,0.998026728428272,0.0614478151952858,0.0108692532974036,-0.00697672439214593,0.339452400530429
2,0.289447096117196,-3.24071582913706,2.32346260018867,0.998026728428272,0.0614478151952858,0.0108692532974036,-0.00697672439214593,0.708755585580576
2,2.27714169362952,3.03931917440674,1.2522489860715,0.998026728428272,0.0614478151952858,0.0108692532974036,-0.00697672439214593,0.20735919799364
2,-3.91446451826851,-0.692413656002916,0.444444444444445,0.998026728428272,0.0614478151952858,0.0108692532974036,-0.00697672439214593,0
2,3.36353229259519,-2.1329621223327,-0.360549197004127,0.998026728428272,0.0614478151952858,0.0108692532974036,-0.00697672439214593,0.0226103540400909
2,-0.983694760935519,3.59393526942218,-1.44921341365906,0.998026728428272,0.0614478151952858,0.0108692532974036,-0.00697672439214593,0.630029737596906
2,-1.51075661528018,-3.02259238282415,-2.13748316472151,0.998026728428272,0.0614478151952858,0.0108692532974036,-0.00697672439214593,0.455049253087293
2,2.37588013771003,0.77473408134041,-3.12201270382994,0.998026728428272,0.0614478151952858,0.0108692532974036,-0.00697672439214593,0.202307051845702
2,0.0221676344588311,-0.122819723713723,-3.9961021796114,0.998026728428272,0.0614478151952858,0.0108692532974036,-0.00697672439214593,0.616244521959745
2,-0.0673532070722,-0.105069662832357,3.9961021796114,0.998026728428272,-0.052651781659178,0.0334927536585358,0.00697672439214594,0.587936958662342
2,-1.90052949360898,1.62265429758708,3.12201270382994,0.998026728428272,-0.052651781659178,0.0334927536585358,0.00697672439214594,0.34275298418873
2,0.243171669865955,-3.37035870528554,2.13748316472151,0.998026728428272,-0.052651781659178,0.0334927536585358,0.00697672439214594,0.725794888043463
2,2.2805629145589,2.94670305531916,1.44921341365906,0.998026728428272,-0.052651781659178,0.0334927536585358,0.00697672439214594,0.21929059918931
2,-3.9229114943967,-0.688216757836428,0.360549197004127,0.998026728428272,-0.052651781659178,0.0334927536585358,0.00697672439214594,0
2,3.35412301435715,-2.13361850862851,-0.444444444444445,0.998026728428272,-0.052651781659178,0.0334927536585358,0.00697672439214594,0.0207655949942642
2,-0.945194096806939,3.6782391787571,-1.2522489860715,0.998026728428272,-0.052651781659178,0.0334927536585358,0.00697672439214594,0.629023119270331
2,-1.50406502968632,-2.88510088093031,-2.32346260018867,0.998026728428272,-0.052651781659178,0.0334927536585358,0.00697672439214594,0.465996982770193
2,2.41592369657555,0.934284861872554,-3.04599301337457,0.998026728428272,-0.052651781659178,0.0334927536585358,0.00697672439214594,0.182853027698844
2,0.0673532070721995,0.105069662832357,-3.9961021796114,0.998026728428272,-0.052651781659178,0.0334927536585358,0.00697672439214594,0.605770093569526
2,0.114661621985031,0.0295391182951752,3.99649196165026,0.998026728428272,0.0153684371399163,-0.0571698201277724,0.0209301731764378,0.586532834116001
2,-1.74556134105196,1.74078569483539,3.14766731495241,0.998026728428272,0.0153684371399163,-0.0571698201277724,0.0209301731764378,0.388159920179159
2,0.320257688319033,-3.29932008678395,2.23843637915092,0.998026728428272,0.0153684371399163,-0.0571698201277724,0.0209301731764378,0.717617465555054
2,2.36132135576999,2.97767989386118,1.2428647720909,0.998026728428272,0.0153684371399163,-0.0571698201277724,0.0209301731764378,0.195181805683583
2,-3.90518748190633,-0.647188817606922,0.561162175618297,0.998026728428272,0.0153684371399163,-0.0571698201277724,0.0209301731764378,0
2,3.31641239902982,-2.17237928129549,-0.522627895982296,0.998026728428272,0.0153684371399163,-0.0571698201277724,0.0209301731764378,0.0221907105211803
2,-0.979029143579014,3.64193961485431,-1.33333333333333,0.998026728428272,0.0153684371399163,-0.0571698201277724,0.0209301731764378,0.623517954434031
2,-1.62545745673743,-2.95111363019314,-2.15301338093,0.998026728428272,0.0153684371399163,-0.0571698201277724,0.0209301731764378,0.430342640940777
2,2.27906593056934,0.814099124461092,-3.18258423932209,0.998026728428272,0.0153684371399163,-0.0571698201277724,0.0209301731764378,0.21288421957399
2,-0.114661621985032,-0.029539118295175,-3.99649196165026,0.998026728428272,0.0153684371399163,-0.0571698201277724,0.0209301731764378,0.601775721479486
2,-0.0918253826741457,0.0497448651920167,3.99727152572798,0.998026728428272,0.0240635062444472,0.0463328169755027,0.0348836219607296,0.587342107741251
2,-1.89362567499955,1.76803361122755,3.04590572731401,0.998026728428272,0.0240635062444472,0.0463328169755027,0.0348836219607296,0.34300338994345
2,0.180799598132664,-3.28904825794314,2.26602693551136,0.998026728428272,0.0240635062444472,0.0463328169755027,0.0348836219607296,0.731267299266986
2,2.31506262786875,2.96871122194609,1.35126391028051,0.998026728428272,0.0240635062444472,0.0463328169755027,0.0348836219607296,0.207589624517003
2,-3.93364255430105,-0.619392077813956,0.360685807484223,0.998026728428272,0.0240635062444472,0.0463328169755027,0.0348836219607296,0
2,3.32369310267487,-2.1957529712465,-0.340925519196366,0.998026728428272,0.0240635062444472,0.0463328169755027,0.0348836219607296,0.0224128007039144
2,-0.883058452872338,3.64052410522287,-1.39765597646223,0.998026728428272,0.0240635062444472,0.0463328169755027,0.0348836219607296,0.642556553010319
2,-1.53293882100869,-2.95158041837017,-2.22222222222222,0.998026728428272,0.0240635062444472,0.0463328169755027,0.0348836219607296,0.455347363274804
2,2.4463169170038,0.782843366264867,-3.06381104429898,0.998026728428272,0.0240635062444472,0.0463328169755027,0.0348836219607296,0.174979847092414
2,0.0918253826741452,-0.0497448651920165,-3.99727152572798,0.998026728428272,0.0240635062444472,0.0463328169755027,0.0348836219607296,0.601999204119823
2,0.0252646861096053,-0.0748049288278322,3.99844087184456,0.998026728428272,-0.0370715483120092,-0.0135384699858299,0.0488370707450215,0.585418396840813
2,-1.79133659712056,1.68354538680616,3.15448570148271,0.998026728428272,-0.0370715483120092,-0.0135384699858299,0.0488370707450215,0.373115236059773
2,0.223300616559366,-3.35868790791746,2.15839178996431,0.998026728428272,-0.0370715483120092,-0.0135384699858299,0.0488370707450215,0.727369846800878
2,2.37497048221035,2.90936352955878,1.37122128697054,0.998026728428272,-0.0370715483120092,-0.0135384699858299,0.0488370707450215,0.191415434948354
2,-3.92613611262372,-0.604980068579289,0.459822781302365,0.998026728428272,-0.0370715483120092,-0.0135384699858299,0.0488370707450215,0
2,3.29679224493069,-2.20478111379511,-0.507690931909794,0.998026728428272,-0.0370715483120092,-0.0135384699858299,0.0488370707450215,0.0244802663385053
2,-0.897433214749785,3.68723186564286,-1.25883920131338,0.998026728428272,-0.0370715483120092,-0.0135384699858299,0.0488370707450215,0.639715215686781
2,-1.61843348521843,-2.87000578378763,-2.26450616352475,0.998026728428272,-0.0370715483120092,-0.0135384699858299,0.0488370707450215,0.431829250492045
2,2.36160162966657,0.86245312746677,-3.11111111111111,0.998026728428272,-0.0370715483120092,-0.0135384699858299,0.0488370707450215,0.194133674495037
2,-0.0252646861096058,0.0748049288278324,-3.99844087184456,0.998026728428272,-0.0370715483120092,-0.0135384699858299,0.0488370707450215,0.602072681155141
2,6.3147956792919e-18,1.40313229245377e-17,4,0.998026728428272,7.10786688496472e-18,-2.93402412391832e-18,0.0627905195293134,0.595880847649511
2,-1.79871414510571,1.75481582107521,3.11111111111111,0.998026728428272,7.10786688496472e-18,-2.93402412391832e-18,0.0627905195293134,0.368531627322229
2,0.186465641446527,-3.31904279311575,2.22222222222222,0.998026728428272,7.10786688496472e-18,-2.93402412391832e-18,0.0627905195293134,0.733549482932029
2,2.38626422296807,2.9178644805758,1.33333333333333,0.998026728428272,7.10786688496472e-18,-2.93402412391832e-18,0.0627905195293134,0.189048475306528
2,-3.9323408740871,-0.56883486552071,0.444444444444445,0.998026728428272,7.10786688496472e-18,-2.93402412391832e-18,0.0627905195293134,0
2,3.28382820924393,-2.23681696757287,-0.444444444444445,0.998026728428272,7.10786688496472e-18,-2.93402412391832e-18,0.0627905195293134,0.0257301402256097
2,-0.86372355813501,3.66908322118017,-1.33333333333333,0.998026728428272,7.10786688496472e-18,-2.93402412391832e-18,0.0627905195293134,0.651631097515164
2,-1.62409200266135,-2.90054127101565,-2.22222222222222,0.998026728428272,7.10786688496472e-18,-2.93402412391832e-18,0.0627905195293134,0.427463643639486
2,2.38634852895844,0.787459103723562,-3.11111111111111,0.998026728428272,7.10786688496472e-18,-2.93402412391832e-18,0.0627905195293134,0.188599669137938
2,-4.52798730652098e-16,1.86908733733193e-16,-4,0.998026728428272,7.10786688496472e-18,-2.93402412391832e-18,0.0627905195293134,0.6105312274108
2,0,0,4,0.982287250728689,0,0,-0.187381314585725,0.598575939463243
2,-1.99655677056584,1.50955877046728,3.11111111111111,0.982287250728689,0,0,-0.187381314585725,0.307125069723385
2,0.598609869680462,-3.2565975815563,2.22222222222222,0.982287250728689,0,0,-0.187381314585725,0.682343679168849
2,1.99384246352662,3.18132945868685,1.33333333333333,0.982287250728689,0,0,-0.187381314585725,0.297126260711338
2,-3.81492386344728,-1.05303013492867,0.444444444444445,0.982287250728689,0,0,-0.187381314585725,0.00033660462644263
2,3.52431776485355,-1.80047239393029,-0.444444444444445,0.982287250728689,0,0,-0.187381314585725,0.00770826389778298
2,-1.31157421104087,3.51795934925394,-1.33333333333333,0.982287250728689,0,0,-0.187381314585725,0.518771718336386
2,-1.24282703106646,-3.06906216214787,-2.22222222222222,0.982287250728689,0,0,-0.187381314585725,0.540964314484428
2,2.25988260049742,1.07607492841159,-3.11111111111111,0.982287250728689,0,0,-0.187381314585725,0.226854467178376
2,-4.66300177576133e-16,1.42830389268407e-16,-4,0.982287250728689,0,0,-0.187381314585725,0.613579274757309
2,0.146343870289677,0.185387807304151,3.98600474131649,0.982287250728689,0.0868447490755148,-0.0795569040843852,-0.145741022455564,0.591271560954736
2,-1.8538614539559,1.69828895181518,3.11111111111111,0.982287250728689,0.0868447490755148,-0.0795569040843852,-0.145741022455564,0.3528578299366
2,0.617258129746622,-3.16545435146288,2.33612899479327,0.982287250728689,0.0868447490755148,-0.0795569040843852,-0.145741022455564,0.679641470722618
2,2.10408484314154,3.19613140716708,1.10886450019351,0.982287250728689,0.0868447490755148,-0.0795569040843852,-0.145741022455564,0.26530168707903
2,-3.8193195951,-0.945215407944136,0.639138849848268,0.982287250728689,0.0868447490755148,-0.0795569040843852,-0.145741022455564,0.00016711070600816
2,3.47373407957087,-1.90015587580123,-0.500612373034929,0.982287250728689,0.0868447490755148,-0.0795569040843852,-0.145741022455564,0.0104163856050732
2,-1.29273908369113,3.48406733204826,-1.43408898005061,0.982287250728689,0.0868447490755148,-0.0795569040843852,-0.145741022455564,0.525437406106259
2,-1.38335395811234,-3.14218000436758,-2.02904275640619,0.982287250728689,0.0868447490755148,-0.0795569040843852,-0.145741022455564,0.498222258213151
2,2.16700557973099,0.879976811984975,-3.23663359550111,0.982287250728689,0.0868447490755148,-0.0795569040843852,-0.145741022455564,0.245887917513181
2,-0.146343870289677,-0.185387807304151,-3.98600474131649,0.982287250728689,0.0868447490755148,-0.0795569040843852,-0.145741022455564,0.603222254204871
2,-0.308983628547161,-0.0435440532496812,3.97550829730387,0.982287250728689,-0.0136212519662622,0.155207140610423,-0.104100730325403,0.582305571446123
2,-2.16715249675966,1.56419409917025,2.95217790896089,0.982287250728689,-0.0136212519662622,0.155207140610423,-0.104100730325403,0.26163183907063
2,0.29077076327225,-3.3131828742597,2.22222222222222,0.982287250728689,-0.0136212519662622,0.155207140610423,-0.104100730325403,0.725319185045681
2,2.01398275134736,3.08822973891677,1.51224285280306,0.982287250728689,-0.0136212519662622,0.155207140610423,-0.104100730325403,0.29492290868794
2,-3.87790164737661,-0.896988715669373,0.134652745315543,0.982287250728689,-0.0136212519662622,0.155207140610423,-0.104100730325403,0
2,3.47109950648513,-1.95005355543267,-0.186067532540644,0.982287250728689,-0.0136212519662622,0.155207140610423,-0.104100730325403,0.0117561560387016
2,-1.05891612639841,3.59589204812614,-1.39153417806517,0.982287250728689,-0.0136212519662622,0.155207140610423,-0.104100730325403,0.591357332482387
2,-1.19257193578388,-2.99815573532468,-2.33619879890007,0.982287250728689,-0.0136212519662622,0.155207140610423,-0.104100730325403,0.552372167628018
2,2.53576661699514,1.01558579022683,-2.9055896178606,0.982287250728689,-0.0136212519662622,0.155207140610423,-0.104100730325403,0.160115534177418
2,0.30898362854716,0.0435440532496814,-3.97550829730387,0.982287250728689,-0.0136212519662622,0.155207140610423,-0.104100730325403,0.59878440308914
2,0.287176479484173,-0.206144172244648,3.96851066796211,0.982287250728689,-0.107489728235904,-0.140201316114023,-0.0624604381952415,0.583252726104477
2,-1.66606859928921,1.46639062393616,3.30846239804864,0.982287250728689,-0.107489728235904,-0.140201316114023,-0.0624604381952415,0.402220021805821
2,0.539462781871165,-3.40460531005519,1.99945254473028,0.982287250728689,-0.107489728235904,-0.140201316114023,-0.0624604381952415,0.689912839400327
2,2.29456663752305,2.99285585489652,1.33333333333333,0.982287250728689,-0.107489728235904,-0.140201316114023,-0.0624604381952415,0.210685805726498
2,-3.84030384460942,-0.849748591781535,0.669980076542265,0.982287250728689,-0.107489728235904,-0.140201316114023,-0.0624604381952415,0
2,3.36080716701118,-1.98489624207768,-0.789775599354595,0.982287250728689,-0.107489728235904,-0.140201316114023,-0.0624604381952415,0.018172569362976
2,-1.16883196822062,3.66215994337361,-1.05208430793332,0.982287250728689,-0.107489728235904,-0.140201316114023,-0.0624604381952415,0.568531827851693
2,-1.6024135940914,-2.87925059401239,-2.26501590360803,0.982287250728689,-0.107489728235904,-0.140201316114023,-0.0624604381952415,0.43659814897341
2,2.10055315136502,1.10215562147757,-3.19991252377107,0.982287250728689,-0.107489728235904,-0.140201316114023,-0.0624604381952415,0.259619720869374
2,-0.287176479484174,0.206144172244648,-3.96851066796211,0.982287250728689,-0.107489728235904,-0.140201316114023,-0.0624604381952415,0.604787634305638
2,-0.0687246865796634,0.36606738980612,3.96501185329124,0.982287250728689,0.183374376833082,0.0324363452747335,-0.0208201460650805,0.600286410545646
2,-1.92175070716904,1.94633788548452,2.89961650245995,0.982287250728689,0.183374376833082,0.0324363452747335,-0.0208201460650805,0.338297160856474
2,0.282001179641086,-3.07788537982273,2.51156091463854,0.982287250728689,0.183374376833082,0.0324363452747335,-0.0208201460650805,0.724426499682591
2,2.24413288560503,3.11649581973173,1.08175828559844,0.982287250728689,0.183374376833082,0.0324363452747335,-0.0208201460650805,0.227386224822792
2,-3.91446451826851,-0.692413656002916,0.444444444444445,0.982287250728689,0.183374376833082,0.0324363452747335,-0.0208201460650805,0
2,3.37951232951872,-2.11601394818057,-0.193400218782762,0.982287250728689,0.183374376833082,0.0324363452747335,-0.0208201460650805,0.01806648368687
2,-0.988202962771578,3.47696867743895,-1.67114545251501,0.982287250728689,0.183374376833082,0.0324363452747335,-0.0208201460650805,0.615611879158757
2,-1.46788606705842,-3.14785202858067,-1.9550447258155,0.982287250728689,0.183374376833082,0.0324363452747335,-0.0208201460650805,0.476719979604301
2,2.40648495658061,0.598452238511666,-3.12709427870687,0.982287250728689,0.183374376833082,0.0324363452747335,-0.0208201460650805,0.184728633241874
2,0.0687246865796629,-0.366067389806119,-3.96501185329124,0.982287250728689,0.183374376833082,0.0324363452747335,-0.0208201460650805,0.608234116416081
2,-0.203200717151091,-0.312150420429351,3.96501185329124,0.982287250728689,-0.157124994928119,0.099950060242811,0.0208201460650805,0.588259998752978
2,-1.99608038875747,1.47138642431083,3.12709427870687,0.982287250728689,-0.157124994928119,0.099950060242811,0.0208201460650805,0.311330050502773
2,0.155750848566281,-3.46978436979513,1.9550447258155,0.982287250728689,-0.157124994928119,0.099950060242811,0.0208201460650805,0.733579725763264
2,2.24010069814356,2.83686537250163,1.67114545251501,0.982287250728689,-0.157124994928119,0.099950060242811,0.0208201460650805,0.229688898580041
2,-3.93121588605419,-0.666453502878409,0.193400218782762,0.982287250728689,-0.157124994928119,0.099950060242811,0.0208201460650805,0
2,3.35412301435715,-2.13361850862851,-0.444444444444445,0.982287250728689,-0.157124994928119,0.099950060242811,0.0208201460650805,0.0198186042458082
2,-0.885235308187746,3.73698234566302,-1.08175828559844,0.982287250728689,-0.157124994928119,0.099950060242811,0.0208201460650805,0.640609139722036
2,-1.43505342844952,-2.73743031585112,-2.51156091463854,0.982287250728689,-0.157124994928119,0.099950060242811,0.0208201460650805,0.483181035248231
2,2.51899941944056,1.0658324773787,-2.89961650245995,0.982287250728689,-0.157124994928119,0.099950060242811,0.0208201460650805,0.159804841947583
2,0.203200717151091,0.312150420429351,-3.96501185329124,0.982287250728689,-0.157124994928119,0.099950060242811,0.0208201460650805,0.608330976542619
2,0.344105932628201,0.0809744234275908,3.96851066796211,0.982287250728689,0.0458629419853929,-0.170607858168307,0.0624604381952415,0.581709897522967
2,-1.52110243038408,1.82025216713062,3.19991252377107,0.982287250728689,0.0458629419853929,-0.170607858168307,0.0624604381952415,0.453083682501239
2,0.382587369042508,-3.27283366743541,2.26501590360803,0.982287250728689,0.0458629419853929,-0.170607858168307,0.0624604381952415,0.710928620983265
2,2.47772523095092,2.93912594161833,1.05208430793332,0.982287250728689,0.0458629419853929,-0.170607858168307,0.0624604381952415,0.163656542614849
2,-3.86389705118542,-0.552392508537537,0.789775599354595,0.982287250728689,0.0458629419853929,-0.170607858168307,0.0624604381952415,0
2,3.22554077219686,-2.25075387704926,-0.669980076542265,0.982287250728689,0.0458629419853929,-0.170607858168307,0.0624604381952415,0.0307233311992391
2,-0.979029143579014,3.64193961485431,-1.33333333333333,0.982287250728689,0.0458629419853929,-0.170607858168307,0.0624604381952415,0.624426588510505
2,-1.79769899950369,-2.94119630719603,-1.99945254473028,0.982287250728689,0.0458629419853929,-0.170607858168307,0.0624604381952415,0.381346964241779
2,2.09953384586411,0.719752505779884,-3.30846239804864,0.982287250728689,0.0458629419853929,-0.170607858168307,0.0624604381952415,0.254915258346355
2,-0.344105932628202,-0.0809744234275906,-3.96851066796211,0.982287250728689,0.0458629419853929,-0.170607858168307,0.0624604381952415,0.598601394255001
2,-0.268993131398513,0.158144435703578,3.97550829730387,0.982287250728689,0.0718110228650248,0.138267754724921,0.104100730325403,0.587584127486546
2,-1.95642133720494,1.90629021518417,2.9055896178606,0.982287250728689,0.0718110228650248,0.138267754724921,0.104100730325403,0.326408345864573
2,-0.0416169652025179,-3.22636539522214,2.33619879890007,0.982287250728689,0.0718110228650248,0.138267754724921,0.104100730325403,0.739306867214751
2,2.3508400709056,2.91981060097191,1.39153417806517,0.982287250728689,0.0718110228650248,0.138267754724921,0.104100730325403,0.199893277208657
2,-3.95255083467633,-0.478103077041348,0.186067532540644,0.982287250728689,0.0718110228650248,0.138267754724921,0.104100730325403,0
2,3.2422693620987,-2.30876575822678,-0.134652745315543,0.982287250728689,0.0718110228650248,0.138267754724921,0.104100730325403,0.0316125906343104
2,-0.683282158619571,3.6230394608349,-1.51224285280306,0.982287250728689,0.0718110228650248,0.138267754724921,0.104100730325403,0.683773956413868
2,-1.53293882100869,-2.95158041837017,-2.22222222222222,0.982287250728689,0.0718110228650248,0.138267754724921,0.104100730325403,0.453719985333325
2,2.60002606248982,0.618964941223905,-2.95217790896089,0.982287250728689,0.0718110228650248,0.138267754724921,0.104100730325403,0.13987852407734
2,0.268993131398513,-0.158144435703578,-3.97550829730387,0.982287250728689,0.0718110228650248,0.138267754724921,0.104100730325403,0.599941033943742
2,0.064536400240256,-0.227200837393774,3.98600474131649,0.982287250728689,-0.110630004473678,-0.0404019001983232,0.145741022455564,0.588685300721599
2,-1.66730118582796,1.64023752180992,3.23663359550111,0.982287250728689,-0.110630004473678,-0.0404019001983232,0.145741022455564,0.406754028893212
2,0.0797781664985457,-3.43228769152917,2.02904275640619,0.982287250728689,-0.110630004473678,-0.0404019001983232,0.145741022455564,0.734614870794578
2,2.52430584535672,2.72722927379535,1.43408898005061,0.982287250728689,-0.110630004473678,-0.0404019001983232,0.145741022455564,0.154106975282834
2,-3.93594731116904,-0.430975140367978,0.500612373034929,0.982287250728689,-0.110630004473678,-0.0404019001983232,0.145741022455564,0
2,3.1697180989104,-2.33099152945043,-0.639138849848269,0.982287250728689,-0.110630004473678,-0.0404019001983232,0.145741022455564,0.0375654967152532
2,-0.725397053762197,3.75715691892299,-1.10886450019351,0.982287250728689,-0.110630004473678,-0.0404019001983232,0.145741022455564,0.678486416824867
2,-1.77835920275675,-2.69045486784372,-2.33612899479326,0.982287250728689,-0.110630004473678,-0.0404019001983232,0.145741022455564,0.385454900506636
2,2.36160162966657,0.86245312746677,-3.11111111111111,0.982287250728689,-0.110630004473678,-0.0404019001983232,0.145741022455564,0.191397975239219
2,-0.0645364002402564,0.227200837393774,-3.98600474131649,0.982287250728689,-0.110630004473678,-0.0404019001983232,0.145741022455564,0.608636194004507
2,2.15217573104438e-17,4.07676769275516e-17,4,0.982287250728689,2.12115053480844e-17,-8.75580105861972e-18,0.187381314585725,0.598222983930466
2,-1.67832915422829,1.85693776676934,3.11111111111111,0.982287250728689,2.12115053480844e-17,-8.75580105861972e-18,0.187381314585725,0.407267933343925
2,-0.022218692761231,-3.31108258942135,2.22222222222222,0.982287250728689,2.12115053480844e-17,-8.75580105861972e-18,0.187381314585725,0.735118706772134
2,2.55464772798272,2.75137054574323,1.33333333333333,0.982287250728689,2.12115053480844e-17,-8.75580105861972e-18,0.187381314585725,0.148964153029102
2,-3.94466924454621,-0.319532627596345,0.444444444444445,0.982287250728689,2.12115053480844e-17,-8.75580105861972e-18,0.187381314585725,0
2,3.12451752388231,-2.42897237364277,-0.444444444444445,0.982287250728689,2.12115053480844e-17,-8.75580105861972e-18,0.187381314585725,0.0436164160528832
2,-0.629142778367639,3.70141111719551,-1.33333333333333,0.982287250728689,2.12115053480844e-17,-8.75580105861972e-18,0.187381314585725,0.695868190956512
2,-1.79589804996614,-2.78181807068777,-2.22222222222222,0.982287250728689,2.12115053480844e-17,-8.75580105861972e-18,0.187381314585725,0.380007005038488
2,2.42149020129071,0.633554910516876,-3.11111111111111,0.982287250728689,2.12115053480844e-17,-8.75580105861972e-18,0.187381314585725,0.175573016237868
2,-4.52798730652098e-16,1.86908733733193e-16,-4,0.982287250728689,2.12115053480844e-17,-8.75580105861972e-18,0.187381314585725,0.613696926601568
2,0,0,4,0.951056516295154,0,0,-0.309016994374947,0.597473470448022
2,-2.07089430875959,1.37029151575103,3.11111111111111,0.951056516295154,0,0,-0.309016994374947,0.281144215600652
2,0.795570003024361,-3.1871769645917,2.22222222222222,0.951056516295154,0,0,-0.309016994374947,0.649221959858913
2,1.77599293466761,3.27414550187418,1.33333333333333,0.951056516295154,0,0,-0.309016994374947,0.366118637113826
2,-3.71168695966588,-1.28028711776948,0.444444444444445,0.951056516295154,0,0,-0.309016994374947,0.00220973128032253
2,3.6017039711481,-1.56316464094356,-0.444444444444445,0.951056516295154,0,0,-0.309016994374947,0.0050186223861623
2,-1.51778121185002,3.40154668708035,-1.33333333333333,0.951056516295154,0,0,-0.309016994374947,0.449790242538121
2,-1.03938088313506,-3.11620217782954,-2.22222222222222,0.951056516295154,0,0,-0.309016994374947,0.593208781387452
2,2.17055278760758,1.20623491592686,-3.11111111111111,0.951056516295154,0,0,-0.309016994374947,0.251114146054115
2,-4.70596944564805e-16,1.1237350004986e-16,-4,0.951056516295154,0,0,-0.309016994374947,0.612594457586347
2,0.227114459010657,0.3187618607709,3.96132860546778,0.951056516295154,0.143218673622255,-0.131200036867527,-0.240346551180515,0.594859169184225
2,-1.8538614539559,1.69828895181518,3.11111111111111,0.951056516295154,0.143218673622255,-0.131200036867527,-0.240346551180515,0.349178814386595
2,0.825468632492295,-3.03608639579313,2.38957911263774,0.951056516295154,0.143218673622255,-0.131200036867527,-0.240346551180515,0.639487788758394
2,1.95210774584662,3.30376813979739,0.959547185638068,0.951056516295154,0.143218673622255,-0.131200036867527,-0.240346551180515,0.31025459231529
2,-3.72746845117121,-1.09466980850929,0.775455438155472,0.951056516295154,0.143218673622255,-0.131200036867527,-0.240346551180515,0.00139300073403607
2,3.53111608692432,-1.73931074140123,-0.554221266181146,0.951056516295154,0.143218673622255,-0.131200036867527,-0.240346551180515,0.00761131793270222
2,-1.49112297961342,3.34968809089649,-1.47894802627244,0.951056516295154,0.143218673622255,-0.131200036867527,-0.240346551180515,0.461300372523415
2,-1.26074360895932,-3.24629692004643,-1.89914601105948,0.951056516295154,0.143218673622255,-0.131200036867527,-0.240346551180515,0.531743043687674
2,2.03178149598029,0.869655368439555,-3.31157721359924,0.951056516295154,0.143218673622255,-0.131200036867527,-0.240346551180515,0.281634956330949
2,-0.227114459010658,-0.3187618607709,-3.96132860546778,0.951056516295154,0.143218673622255,-0.131200036867527,-0.240346551180515,0.604393466323218
2,-0.507961758444125,-0.0899706403307796,3.93232505956861,0.951056516295154,-0.022463276829625,0.255957453404571,-0.171676107986082,0.57408000384188
2,-2.3520955285022,1.45886473431136,2.81933816937344,0.951056516295154,-0.022463276829625,0.255957453404571,-0.171676107986082,0.207584210519936
2,0.29077076327225,-3.3131828742597,2.22222222222222,0.951056516295154,-0.022463276829625,0.255957453404571,-0.171676107986082,0.727151142862931
2,1.80807992590655,3.13345372388946,1.60661048720685,0.951056516295154,-0.022463276829625,0.255957453404571,-0.171676107986082,0.358141016518169
2,-3.81516145355524,-1.02733322386111,-0.0678914475374394,0.951056516295154,-0.022463276829625,0.255957453404571,-0.171676107986082,0.000390719012975452
2,3.5152051948531,-1.82426143290466,-0.00429108490831337,0.951056516295154,-0.022463276829625,0.255957453404571,-0.171676107986082,0.0102942046215325
2,-1.10385990630888,3.56135589188954,-1.4371444969538,0.951056516295154,-0.022463276829625,0.255957453404571,-0.171676107986082,0.572755803433816
2,-0.955715409844188,-3.00824748833335,-2.38223684813296,0.951056516295154,-0.022463276829625,0.255957453404571,-0.171676107986082,0.613774923528127
2,2.62389378445119,1.1250401914799,-2.75393167806159,0.951056516295154,-0.022463276829625,0.255957453404571,-0.171676107986082,0.144273519590394
2,0.507961758444124,0.0899706403307797,-3.93232505956861,0.951056516295154,-0.022463276829625,0.255957453404571,-0.171676107986082,0.592855103560331
2,0.481139007911009,-0.330116577566021,3.9129893623025,0.951056516295154,-0.177265021430101,-0.231210830219397,-0.103005664791649,0.578910256569292
2,-1.51883258204092,1.30828683562259,3.40996664468557,0.951056516295154,-0.177265021430101,-0.231210830219397,-0.103005664791649,0.437852392645698
2,0.68913455974147,-3.4428621874239,1.82775163323757,0.951056516295154,-0.177265021430101,-0.231210830219397,-0.103005664791649,0.662395378525115
2,2.29456663752305,2.99285585489652,1.33333333333333,0.951056516295154,-0.177265021430101,-0.231210830219397,-0.103005664791649,0.209489684554192
2,-3.76834467277449,-0.964356021568292,0.803396378264046,0.951056516295154,-0.177265021430101,-0.231210830219397,-0.103005664791649,0.0011304100817146
2,3.33306900452419,-1.86597917705204,-1.00896652841477,0.951056516295154,-0.177265021430101,-0.231210830219397,-0.103005664791649,0.0205484633568418
2,-1.27265150579047,3.65204203009681,-0.850707580517841,0.951056516295154,-0.177265021430101,-0.231210830219397,-0.103005664791649,0.538693844564306
2,-1.65405600074887,-2.83144009408161,-2.28346064704232,0.951056516295154,-0.177265021430101,-0.231210830219397,-0.103005664791649,0.421817629476143
2,1.91324731437341,1.25635433594213,-3.22369412439246,0.951056516295154,-0.177265021430101,-0.231210830219397,-0.103005664791649,0.30915454784717
2,-0.481139007911009,0.330116577566021,-3.9129893623025,0.951056516295154,-0.177265021430101,-0.231210830219397,-0.103005664791649,0.602439485995426
2,-0.117627545107932,0.602935300206379,3.90332151366944,0.951056516295154,0.302409015005678,0.0534918967105474,-0.0343352215972164,0.610137294191948
2,-1.96554524638072,2.08741222020071,2.73367816102961,0.951056516295154,0.302409015005678,0.0534918967105474,-0.0343352215972164,0.325819501342095
2,0.268265505681633,-2.89337174256057,2.67804281071172,0.951056516295154,0.302409015005678,0.0534918967105474,-0.0343352215972164,0.724740839292222
2,2.214008506352,3.17169300929206,0.902429852331777,0.951056516295154,0.302409015005678,0.0534918967105474,-0.0343352215972164,0.236246163820732
2,-3.91446451826851,-0.692413656002916,0.444444444444445,0.951056516295154,0.302409015005678,0.0534918967105474,-0.0343352215972164,0
2,3.39150394110152,-2.07847553446875,-0.0293013100256879,0.951056516295154,0.302409015005678,0.0534918967105474,-0.0343352215972164,0.0158469393728519
2,-0.986231798191868,3.33364096326753,-1.87707898124534,0.951056516295154,0.302409015005678,0.0534918967105474,-0.0343352215972164,0.61832665997707
2,-1.42756732408666,-3.24915030855548,-1.75775127891554,0.951056516295154,0.302409015005678,0.0534918967105474,-0.0343352215972164,0.486024083990307
2,2.43941358111418,0.423363359734586,-3.10985027489858,0.951056516295154,0.302409015005678,0.0534918967105474,-0.0343352215972164,0.178064296062347
2,0.117627545107932,-0.602935300206379,-3.90332151366944,0.951056516295154,0.302409015005678,0.0534918967105474,-0.0343352215972164,0.613494468502939
2,-0.338782326289417,-0.512439021735275,3.90332151366944,0.951056516295154,-0.259120253165121,0.164831094669785,0.0343352215972164,0.592567840365436
2,-2.0933241002649,1.32210792499713,3.10985027489858,0.951056516295154,-0.259120253165121,0.164831094669785,0.0343352215972164,0.281516967629478
2,0.0798313897793981,-3.54803510997171,1.75775127891554,0.951056516295154,-0.259120253165121,0.164831094669785,0.0343352215972164,0.736930356322131
2,2.18359105306972,2.70513314731343,1.87707898124534,0.951056516295154,-0.259120253165121,0.164831094669785,0.0343352215972164,0.246671326289407
2,-3.92797725661596,-0.627179560732066,0.0293013100256875,0.951056516295154,-0.259120253165121,0.164831094669785,0.0343352215972164,0
2,3.35412301435715,-2.13361850862851,-0.444444444444445,0.951056516295154,-0.259120253165121,0.164831094669785,0.0343352215972164,0.0211616706719356
2,-0.836329130687253,3.77650947258908,-0.902429852331776,0.951056516295154,-0.259120253165121,0.164831094669785,0.0343352215972164,0.650590025333736
2,-1.35195455851615,-2.57211688962497,-2.67804281071172,0.951056516295154,-0.259120253165121,0.164831094669785,0.0343352215972164,0.504626382694822
2,2.61330852362628,1.17952382466628,-2.73367816102961,0.951056516295154,-0.259120253165121,0.164831094669785,0.0343352215972164,0.140778656902137
2,0.338782326289417,0.512439021735275,-3.90332151366944,0.951056516295154,-0.259120253165121,0.164831094669785,0.0343352215972164,0.612158937240193
2,0.570696799561221,0.121560119644857,3.9129893623025,0.951056516295154,0.0756341608385664,-0.281355308369333,0.103005664791649,0.570696229900627
2,-1.28913160463967,1.8913173211592,3.22369412439246,0.951056516295154,0.0756341608385664,-0.281355308369333,0.103005664791649,0.521661584590131
2,0.448565200785583,-3.2483447354969,2.28346064704232,0.951056516295154,0.0756341608385664,-0.281355308369333,0.103005664791649,0.701371962627372
2,2.56982980449274,2.89016048355886,0.850707580517841,0.951056516295154,0.0756341608385664,-0.281355308369333,0.103005664791649,0.140626743841421
2,-3.79288383571758,-0.453055721588372,1.00896652841477,0.951056516295154,0.0756341608385664,-0.281355308369333,0.103005664791649,0.000787024485637791
2,3.11529643219391,-2.32923426231086,-0.803396378264047,0.951056516295154,0.0756341608385664,-0.281355308369333,0.103005664791649,0.0436148337135405
2,-0.979029143579014,3.64193961485431,-1.33333333333333,0.951056516295154,0.0756341608385664,-0.281355308369333,0.103005664791649,0.625641843785085
2,-1.95064459898563,-2.91945065576926,-1.82775163323757,0.951056516295154,0.0756341608385664,-0.281355308369333,0.103005664791649,0.338216034979459
2,1.90311137398202,0.629788817583093,-3.40996664468557,0.951056516295154,0.0756341608385664,-0.281355308369333,0.103005664791649,0.300694144687761
2,-0.570696799561222,-0.121560119644857,-3.9129893623025,0.951056516295154,0.0756341608385664,-0.281355308369333,0.103005664791649,0.58864840680682
2,-0.43520331971297,0.276980025767181,3.93232505956861,0.951056516295154,0.118426036757195,0.228022127385175,0.171676107986082,0.583925963521223
2,-1.99611826458405,2.04108939008576,2.75393167806159,0.951056516295154,0.118426036757195,0.228022127385175,0.171676107986082,0.315356564490165
2,-0.264404815430315,-3.14531953690795,2.38223684813296,0.951056516295154,0.118426036757195,0.228022127385175,0.171676107986082,0.733073792868236
2,2.37920616240572,2.8707386711826,1.4371444969538,0.951056516295154,0.118426036757195,0.228022127385175,0.171676107986082,0.192708469784063
2,-3.94532294123343,-0.344998879538441,0.00429108490831356,0.951056516295154,0.118426036757195,0.228022127385175,0.171676107986082,0
2,3.13454196033863,-2.40531020211928,0.0678914475374392,0.951056516295154,0.118426036757195,0.228022127385175,0.171676107986082,0.0447739664384766
2,-0.475701295644029,3.58627850780521,-1.60661048720685,0.951056516295154,0.118426036757195,0.228022127385175,0.171676107986082,0.714575626254256
2,-1.53293882100869,-2.95158041837017,-2.22222222222222,0.951056516295154,0.118426036757195,0.228022127385175,0.171676107986082,0.452976377121676
2,2.7307882378572,0.451038011921625,-2.81933816937344,0.951056516295154,0.118426036757195,0.228022127385175,0.171676107986082,0.112641392695324
2,0.43520331971297,-0.27698002576718,-3.93232505956861,0.951056516295154,0.118426036757195,0.228022127385175,0.171676107986082,0.596220117936738
2,0.0883066101666122,-0.381303086762634,3.96132860546778,0.951056516295154,-0.182443759377635,-0.0666281683097636,0.240346551180515,0.593464610199952
2,-1.54624561785967,1.57910132560055,3.31157721359924,0.951056516295154,-0.182443759377635,-0.0666281683097636,0.240346551180515,0.437848156068522
2,-0.0732826412854645,-3.48174493539101,1.89914601105948,0.951056516295154,-0.182443759377635,-0.0666281683097636,0.240346551180515,0.738509712064155
2,2.65640785733435,2.52732177257217,1.47894802627244,0.951056516295154,-0.182443759377635,-0.0666281683097636,0.240346551180515,0.123694526897266
2,-3.92761662286614,-0.260404182522084,0.554221266181146,0.951056516295154,-0.182443759377635,-0.0666281683097636,0.240346551180515,0
2,3.02779061788323,-2.43409264786629,-0.775455438155473,0.951056516295154,-0.182443759377635,-0.0666281683097636,0.240346551180515,0.0568692067951271
2,-0.543848214120514,3.79866261899272,-0.959547185638068,0.951056516295154,-0.182443759377635,-0.0666281683097636,0.240346551180515,0.707094601021543
2,-1.92145648317384,-2.49143012127936,-2.38957911263774,0.951056516295154,-0.182443759377635,-0.0666281683097636,0.240346551180515,0.344032422438021
2,2.36160162966657,0.86245312746677,-3.11111111111111,0.951056516295154,-0.182443759377635,-0.0666281683097636,0.240346551180515,0.190125674964972
2,-0.0883066101666126,0.381303086762634,-3.96132860546778,0.951056516295154,-0.182443759377635,-0.0666281683097636,0.240346551180515,0.612411355430597
2,3.99597612079524e-17,6.53872691195694e-17,4,0.951056516295154,3.49806257007257e-17,-1.44394937801647e-17,0.309016994374947,0.596532255693951
2,-1.54609416128948,1.94316621024005,3.11111111111111,0.951056516295154,3.49806257007257e-17,-1.44394937801647e-17,0.309016994374947,0.445372377727436
2,-0.228259810593922,-3.2770300719102,2.22222222222222,0.951056516295154,3.49806257007257e-17,-1.44394937801647e-17,0.309016994374947,0.734463446175543
2,2.7008362555452,2.56508541615378,1.33333333333333,0.951056516295154,3.49806257007257e-17,-1.44394937801647e-17,0.309016994374947,0.115178527320542
2,-3.92565454650807,-0.0706510577467635,0.444444444444445,0.951056516295154,3.49806257007257e-17,-1.44394937801647e-17,0.309016994374947,0
2,2.94237959246896,-2.59964565360405,-0.444444444444445,0.951056516295154,3.49806257007257e-17,-1.44394937801647e-17,0.309016994374947,0.0705003328149072
2,-0.392359978372683,3.70408333043462,-1.33333333333333,0.951056516295154,3.49806257007257e-17,-1.44394937801647e-17,0.309016994374947,0.723393272210984
2,-1.95146939267576,-2.64249803080076,-2.22222222222222,0.951056516295154,3.49806257007257e-17,-1.44394937801647e-17,0.309016994374947,0.335777616701443
2,2.43706546084663,0.476459878416318,-3.11111111111111,0.951056516295154,3.49806257007257e-17,-1.44394937801647e-17,0.309016994374947,0.17289427533047
2,-4.52798730652098e-16,1.86908733733193e-16,-4,0.951056516295154,3.49806257007257e-17,-1.44394937801647e-17,0.309016994374947,0.61224150205357
