X_Translation,Y_Translation,Z_Translation,Quat_1,Quat_2,Quat_3,Quat_4,Intersection
0,0,0.7,0.453990499739547,0,0,0.891006524188368,0
0.09090731223783,0.327973753518206,0.56,0.453990499739547,0,0,0.891006524188368,0
-0.384767080143992,-0.240574175435732,0.42,0.453990499739547,0,0,0.891006524188368,0
0.51121013758483,-0.0945322565713033,0.28,0.453990499739547,0,0,0.891006524188368,0
-0.334712445785513,0.44367785431544,0.14,0.453990499739547,0,0,0.891006524188368,0
-0.0539842470222435,-0.564657651447037,4.28626379701574e-17,0.453990499739547,0,0,0.891006524188368,0
0.4127165517975,0.37221970346296,-0.14,0.453990499739547,0,0,0.891006524188368,0
-0.519861329133085,0.00404360902485835,-0.28,0.453990499739547,0,0,0.891006524188368,0
0.332213298113567,-0.309121277827363,-0.42,0.453990499739547,0,0,0.891006524188368,0
-0.0271164929929476,0.339257451241518,-0.56,0.453990499739547,0,0,0.891006524188368,0
-4.26932810650391e-17,-5.47978036094945e-17,-0.7,0.453990499739547,0,0,0.891006524188368,0
0,0,0,0.453990499739547,0,0,0.891006524188368,0.000313800329961961
-0.416589111211034,-0.129252523903123,0.454176726333468,0.453990499739547,-0.489699245664146,0.448604622987879,0.594004349458912,0
-0.41940104063674,0.249668087597933,0.49526399315555,0.453990499739547,-0.489699245664146,0.448604622987879,0.594004349458912,0
-0.393535377637044,-0.404295663482021,-0.0607652531687468,0.453990499739547,-0.489699245664146,0.448604622987879,0.594004349458912,0
0.207514859007855,-0.0389823101063866,0.543225529627532,0.453990499739547,-0.489699245664146,0.448604622987879,0.594004349458912,0
-0.497337696494376,0.354275910899513,-0.0710056030837516,0.453990499739547,-0.489699245664146,0.448604622987879,0.594004349458912,0
0.214929484882852,-0.586023722547679,-0.150894104245572,0.453990499739547,-0.489699245664146,0.448604622987879,0.594004349458912,0
0.18677705614691,0.492494380447022,0.289038832283106,0.453990499739547,-0.489699245664146,0.448604622987879,0.594004349458912,0
-0.173071549234115,-0.0549303358084919,-0.567406913481842,0.453990499739547,-0.489699245664146,0.448604622987879,0.594004349458912,0
0.602769699193677,-0.166199706523582,-0.0861304858962153,0.453990499739547,-0.489699245664146,0.448604622987879,0.594004349458912,0
0.165428286049488,0.442810467171002,-0.316959041989303,0.453990499739547,-0.489699245664146,0.448604622987879,0.594004349458912,0
0.416589111211034,0.129252523903123,-0.454176726333468,0.453990499739547,-0.489699245664146,0.448604622987879,0.594004349458912,0
0,0,0,0.453990499739547,-0.489699245664146,0.448604622987879,0.594004349458912,0.000340591306279697
0.486835781900126,-0.0968675739579064,0.306682762133549,-0.453990499739547,-0.0734418932446524,0.836832493793621,-0.297002174729456,0
0.328603608296193,0.274756567861327,0.376947587199399,-0.453990499739547,-0.0734418932446524,0.836832493793621,-0.297002174729456,0
0.20336192189924,-0.588578039889957,0.295256571701301,-0.453990499739547,-0.0734418932446524,0.836832493793621,-0.297002174729456,0
0.437634788116996,0.319402104787717,-0.26630569050229,-0.453990499739547,-0.0734418932446524,0.836832493793621,-0.297002174729456,0
-0.176896948946488,0.0656576332001013,0.538336254100384,-0.453990499739547,-0.0734418932446524,0.836832493793621,-0.297002174729456,0
0.147781901200112,-0.518757197960792,-0.293544448270851,-0.453990499739547,-0.0734418932446524,0.836832493793621,-0.297002174729456,0
-0.0366393273512388,0.683916431388442,-0.114181551104989,-0.453990499739547,-0.0734418932446524,0.836832493793621,-0.297002174729456,0
-0.413952147251029,-0.402535021039111,0.219264018347976,-0.453990499739547,-0.0734418932446524,0.836832493793621,-0.297002174729456,0
-0.0594959192760613,0.083566778046997,-0.581022731305437,-0.453990499739547,-0.0734418932446524,0.836832493793621,-0.297002174729456,0
-0.503231005492957,0.338236082262398,-0.0300789750972574,-0.453990499739547,-0.0734418932446524,0.836832493793621,-0.297002174729456,0
-0.486835781900126,0.0968675739579063,-0.306682762133549,-0.453990499739547,-0.0734418932446524,0.836832493793621,-0.297002174729456,0
0,0,0,-0.453990499739547,-0.0734418932446524,0.836832493793621,-0.297002174729456,2.6721805670001e-06
-0.40109196450703,0.307509711445235,0.257518107400242,0.453990499739547,0.542122994701905,0.707103447001692,9.81312413810171e-17,0
-0.420682855461745,0.368798292233503,-0.0960690484881237,0.453990499739547,0.542122994701905,0.707103447001692,9.81312413810171e-17,0
-0.381457647576936,-0.227863840635409,0.42762928444144,0.453990499739547,0.542122994701905,0.707103447001692,9.81312413810171e-17,0
0.229913613263556,0.632146856589617,0.103007242960097,0.453990499739547,0.542122994701905,0.707103447001692,9.81312413810171e-17,0
-0.523182497725304,-0.236145363616428,-0.282996762699112,0.453990499739547,0.542122994701905,0.707103447001692,9.81312413810171e-17,0
0.240819298140723,-0.107517302650883,0.503472557347196,0.453990499739547,0.542122994701905,0.707103447001692,9.81312413810171e-17,0
0.175212578756884,0.391501630244482,-0.444491882669138,0.453990499739547,0.542122994701905,0.707103447001692,9.81312413810171e-17,0
-0.191321357343542,-0.64937693446032,-0.0223237515129417,0.453990499739547,0.542122994701905,0.707103447001692,9.81312413810171e-17,0
0.615895758716889,0.123195512378732,0.0625023464808671,0.453990499739547,0.542122994701905,0.707103447001692,9.81312413810171e-17,0
0.136117242977705,-0.241749806843425,-0.498862411559111,0.453990499739547,0.542122994701905,0.707103447001692,9.81312413810171e-17,0
0.40109196450703,-0.307509711445235,-0.257518107400242,0.453990499739547,0.542122994701905,0.707103447001692,9.81312413810171e-17,0
0,0,0,0.453990499739547,0.542122994701905,0.707103447001692,9.81312413810171e-17,0.000224947636675267
0.219931141150717,-0.444997414121634,0.306682762133548,-0.453990499739547,0.827207585630402,0.146321374473218,0.297002174729456,0
-0.147656965329278,-0.351171766545545,0.42147287866935,-0.453990499739547,0.827207585630402,0.146321374473218,0.297002174729456,0
0.257140677618935,-0.465232819137282,-0.205458968239972,-0.453990499739547,0.827207585630402,0.146321374473218,0.297002174729456,0
0.370784465331599,0.149550742056014,0.511651900209129,-0.453990499739547,0.827207585630402,0.146321374473218,0.297002174729456,0
-0.555200152562844,-0.362615041156401,-0.0749125354687598,-0.453990499739547,0.827207585630402,0.146321374473218,0.297002174729456,0
0.593290934946921,0.0544458575755989,-0.219335629154267,-0.453990499739547,0.827207585630402,0.146321374473218,0.297002174729456,0
-0.302070839222628,0.283943934666935,0.391839798744392,-0.453990499739547,0.827207585630402,0.146321374473218,0.297002174729456,0
-0.275707219557399,-0.14082557556992,-0.546801312229059,-0.453990499739547,0.827207585630402,0.146321374473218,0.297002174729456,0
0.320429339482166,0.518235980046586,-0.00806474435955524,-0.453990499739547,0.827207585630402,0.146321374473218,0.297002174729456,0
-0.553408935899881,0.286835482336438,-0.162293576463329,-0.453990499739547,0.827207585630402,0.146321374473218,0.297002174729456,0
-0.219931141150717,0.444997414121634,-0.306682762133548,-0.453990499739547,0.827207585630402,0.146321374473218,0.297002174729456,0
0,0,0,-0.453990499739547,0.827207585630402,0.146321374473218,0.297002174729456,5.01124499506901e-07
0.0166727840888901,0.435860896141937,0.454176726333468,-0.453990499739547,-0.560352279135483,0.356450252121949,0.594004349458912,0
-0.359698910128058,0.381944534312399,0.453877843614117,-0.453990499739547,-0.560352279135483,0.356450252121949,0.594004349458912,0
0.397492659014808,0.0156344876570783,0.40464861678232,-0.453990499739547,-0.560352279135483,0.356450252121949,0.594004349458912,0
-0.0781793279620822,0.538968968895777,-0.179884148560758,-0.453990499739547,-0.560352279135483,0.356450252121949,0.594004349458912,0
-0.337471852676582,-0.186537973039617,0.499007647213329,-0.453990499739547,-0.560352279135483,0.356450252121949,0.594004349458912,0
0.605541297807453,0.0141362001645139,-0.21987102014796,-0.453990499739547,-0.560352279135483,0.356450252121949,0.594004349458912,0
-0.537500202955616,0.166111983661918,-0.181306775002989,-0.453990499739547,-0.560352279135483,0.356450252121949,0.594004349458912,0
0.175219743392023,-0.536703586267817,0.144648937992266,-0.453990499739547,-0.560352279135483,0.356450252121949,0.594004349458912,0
0.192003113006997,-0.00187286601441285,-0.618693533680056,-0.453990499739547,-0.560352279135483,0.356450252121949,0.594004349458912,0
-0.355842708111627,-0.398648662632137,-0.194065893330409,-0.453990499739547,-0.560352279135483,0.356450252121949,0.594004349458912,0
-0.01667278408889,-0.435860896141937,-0.454176726333468,-0.453990499739547,-0.560352279135483,0.356450252121949,0.594004349458912,0
0,0,0,-0.453990499739547,-0.560352279135483,0.356450252121949,0.594004349458912,0.0013447187524281
-4.57050030109299e-17,-6.83986619191636e-17,0.7,-0.453990499739547,2.83271984902184e-17,-1.05375766427367e-16,0.891006524188368,0
-0.318770317764113,-0.119232574943654,0.56,-0.453990499739547,2.83271984902184e-17,-1.05375766427367e-16,0.891006524188368,0
0.420789011611522,-0.169877154308971,0.42,-0.453990499739547,2.83271984902184e-17,-1.05375766427367e-16,0.891006524188368,0
-0.224003577611972,0.469142355281423,0.28,-0.453990499739547,2.83271984902184e-17,-1.05375766427367e-16,0.891006524188368,0
-0.162203884777535,-0.531575356404667,0.14,-0.453990499739547,2.83271984902184e-17,-1.05375766427367e-16,0.891006524188368,0
0.488548780280287,0.288223266845142,1.2462868000508e-16,-0.453990499739547,2.83271984902184e-17,-1.05375766427367e-16,0.891006524188368,0
-0.543720768266312,0.1151094519558,-0.14,-0.453990499739547,2.83271984902184e-17,-1.05375766427367e-16,0.891006524188368,0
0.302295474081872,-0.422953423737862,-0.28,-0.453990499739547,2.83271984902184e-17,-1.05375766427367e-16,0.891006524188368,0
0.0548142898386385,0.450463132207954,-0.42,-0.453990499739547,2.83271984902184e-17,-1.05375766427367e-16,0.891006524188368,0
-0.258526368847571,-0.221348230229241,-0.56,-0.453990499739547,2.83271984902184e-17,-1.05375766427367e-16,0.891006524188368,0
1.15131838367439e-16,6.60684128116009e-17,-0.7,-0.453990499739547,2.83271984902184e-17,-1.05375766427367e-16,0.891006524188368,0
0,0,0,-0.453990499739547,2.83271984902184e-17,-1.05375766427367e-16,0.891006524188368,0.000319654343798162
0,0,0.7,0.852640164354092,0,0,0.522498564715949,0
-0.110075262407339,0.383681826105231,0.56,0.852640164354092,0,0,0.522498564715949,0
-0.237343035830861,-0.47635974539827,0.42,0.852640164354092,0,0,0.522498564715949,0
0.569139578916371,0.218737718645804,0.28,0.852640164354092,0,0,0.522498564715949,0
-0.606598584590249,0.238565803737833,0.14,0.852640164354092,0,0,0.522498564715949,0
0.292038406813744,-0.597739240569409,4.28626379701574e-17,0.852640164354092,0,0,0.522498564715949,0
0.184620024154186,0.625132731682863,-0.14,0.852640164354092,0,0,0.522498564715949,0
-0.522339255930448,-0.314527823191369,-0.28,0.852640164354092,0,0,0.522498564715949,0
0.521643060796998,-0.105540706912803,-0.42,0.852640164354092,0,0,0.522498564715949,0
-0.235013726496094,0.322640442963848,-0.56,0.852640164354092,0,0,0.522498564715949,0
-9.11314382480364e-18,-8.09602798944301e-17,-0.7,0.852640164354092,0,0,0.522498564715949,0
0,0,0,0.852640164354092,0,0,0.522498564715949,0.000552362929420108
-0.223656392246267,-0.146478044783316,0.626240205892682,0.852640164354092,-0.287166419162949,0.263067963334635,0.348332376477299,0
-0.368593427390306,0.245131855446408,0.54057582398543,0.852640164354092,-0.287166419162949,0.263067963334635,0.348332376477299,0
-0.247115019921292,-0.585533728427349,0.196819009738596,0.852640164354092,-0.287166419162949,0.263067963334635,0.348332376477299,0
0.391043668665759,0.22875111798813,0.492329380547112,0.852640164354092,-0.287166419162949,0.263067963334635,0.348332376477299,0
-0.663979001116135,0.127182167718437,-0.0368792841580515,0.852640164354092,-0.287166419162949,0.263067963334635,0.348332376477299,0
0.407784147539503,-0.549038391603091,-0.0198361541611818,0.852640164354092,-0.287166419162949,0.263067963334635,0.348332376477299,0
0.0747545582601903,0.666146465458793,0.0655413764795651,0.852640164354092,-0.287166419162949,0.263067963334635,0.348332376477299,0
-0.325694627689927,-0.316736716660034,-0.495508203605594,0.852640164354092,-0.287166419162949,0.263067963334635,0.348332376477299,0
0.644093775527965,0.0510436586343077,-0.216129549009045,0.852640164354092,-0.287166419162949,0.263067963334635,0.348332376477299,0
-0.1132672316257,0.40364275435454,-0.517136309786256,0.852640164354092,-0.287166419162949,0.263067963334635,0.348332376477299,0
0.223656392246267,0.146478044783316,-0.626240205892682,0.852640164354092,-0.287166419162949,0.263067963334635,0.348332376477299,0
0,0,0,0.852640164354092,-0.287166419162949,0.263067963334635,0.348332376477299,0.000207016043952909
0.330113835949112,-0.0129138457143372,0.581984329428292,0.852640164354092,0.0430673432445488,-0.490730163073865,0.17416618823865,0
0.0555307872064406,0.322839579299511,0.579950852749,0.852640164354092,0.0430673432445488,-0.490730163073865,0.17416618823865,0
0.153656414625717,-0.561951503162584,0.382570470035988,0.852640164354092,0.0430673432445488,-0.490730163073865,0.17416618823865,0
0.525661591168511,0.422247672160483,0.00170466201550839,0.852640164354092,0.0430673432445488,-0.490730163073865,0.17416618823865,0
-0.500143717030978,0.00233176397332689,0.439841047928922,0.852640164354092,0.0430673432445488,-0.490730163073865,0.17416618823865,0
0.422693978485545,-0.473743144508394,-0.234692491410302,0.852640164354092,0.0430673432445488,-0.490730163073865,0.17416618823865,0
-0.110624566813556,0.682199604065548,-0.100724009348326,0.852640164354092,0.0430673432445488,-0.490730163073865,0.17416618823865,0
-0.457923190137084,-0.498166906268277,-0.0393150726468,0.852640164354092,0.0430673432445488,-0.490730163073865,0.17416618823865,0
0.257837093874072,0.100761520376614,-0.611044121482349,0.852640164354092,0.0430673432445488,-0.490730163073865,0.17416618823865,0
-0.555009740138056,0.23696193626827,-0.3026250193162,0.852640164354092,0.0430673432445488,-0.490730163073865,0.17416618823865,0
-0.330113835949112,0.0129138457143371,-0.581984329428292,0.852640164354092,0.0430673432445488,-0.490730163073865,0.17416618823865,0
0,0,0,0.852640164354092,0.0430673432445488,-0.490730163073865,0.17416618823865,0.000917288930580648
-0.2758559733223,0.211493618080943,0.567232370606829,0.852640164354092,0.317908431578862,0.41465525350741,8.1381269543685e-17,0
-0.467403074987453,0.404617811187631,0.246024198962384,0.852640164354092,0.317908431578862,0.41465525350741,8.1381269543685e-17,0
-0.173493330670069,-0.387306194863414,0.52818000320023,0.852640164354092,0.317908431578862,0.41465525350741,8.1381269543685e-17,0
0.280008009737448,0.5937404192439,0.226892948242731,0.852640164354092,0.317908431578862,0.41465525350741,8.1381269543685e-17,0
-0.660809247302214,-0.13062950741732,-0.116610313896905,0.852640164354092,0.317908431578862,0.41465525350741,8.1381269543685e-17,0
0.485667652263209,-0.295237958726821,0.346269495871797,0.852640164354092,0.317908431578862,0.41465525350741,8.1381269543685e-17,0
-0.04095234285431,0.557231234802727,-0.383729024976743,0.852640164354092,0.317908431578862,0.41465525350741,8.1381269543685e-17,0
-0.202177825558182,-0.64105348322364,-0.171401876284828,0.852640164354092,0.317908431578862,0.41465525350741,8.1381269543685e-17,0
0.646291847721756,0.0998913991426602,-0.191085894944292,0.852640164354092,0.317908431578862,0.41465525350741,8.1381269543685e-17,0
-0.106489108890627,-0.0557480519852718,-0.655195689528385,0.852640164354092,0.317908431578862,0.41465525350741,8.1381269543685e-17,0
0.2758559733223,-0.211493618080943,-0.567232370606829,0.852640164354092,0.317908431578862,0.41465525350741,8.1381269543685e-17,0
0,0,0,0.852640164354092,0.317908431578862,0.41465525350741,8.1381269543685e-17,0.000428939060596595
0.0981700683944329,-0.315443417695794,0.581984329428292,0.852640164354092,-0.48508598363827,-0.0858048802944099,-0.17416618823865,0
-0.261804388787288,-0.0812250218729881,0.606402958388815,0.852640164354092,-0.48508598363827,-0.0858048802944099,-0.17416618823865,0
0.182785225896292,-0.634648339783569,0.0850995288976855,0.852640164354092,-0.48508598363827,-0.0858048802944099,-0.17416618823865,0
0.349842984852293,0.364901901882647,0.463882801527125,0.852640164354092,-0.48508598363827,-0.0858048802944099,-0.17416618823865,0
-0.621731639993696,-0.291825421044603,0.0755150383817565,0.852640164354092,-0.48508598363827,-0.0858048802944099,-0.17416618823865,0
0.626485119394763,-0.191528785467804,-0.190605648677277,0.852640164354092,-0.48508598363827,-0.0858048802944099,-0.17416618823865,0
-0.283503023149162,0.568573407912363,0.19989906936304,0.852640164354092,-0.48508598363827,-0.0858048802944099,-0.17416618823865,0
-0.24944623822763,-0.39559515596108,-0.494428119241885,0.852640164354092,-0.48508598363827,-0.0858048802944099,-0.17416618823865,0
0.427099402047317,0.448194650064056,-0.270654542941429,0.852640164354092,-0.48508598363827,-0.0858048802944099,-0.17416618823865,0
-0.478485625713674,0.307546195324466,-0.381172615233043,0.852640164354092,-0.48508598363827,-0.0858048802944099,-0.17416618823865,0
-0.0981700683944328,0.315443417695794,-0.581984329428292,0.852640164354092,-0.48508598363827,-0.0858048802944099,-0.17416618823865,0
0,0,0,0.852640164354092,-0.48508598363827,-0.0858048802944099,-0.17416618823865,0.000173257458397128
0.0833938936664707,0.254014680472024,0.626240205892683,0.852640164354092,0.328598336415439,-0.209027364076834,-0.348332376477299,0
-0.314931187879209,0.353974085390031,0.512893857210855,0.852640164354092,0.328598336415439,-0.209027364076834,-0.348332376477299,0
0.304679021080335,-0.302701941005069,0.508120530347891,0.852640164354092,0.328598336415439,-0.209027364076834,-0.348332376477299,0
0.186106898064522,0.640233284928097,0.00866278416703449,0.852640164354092,0.328598336415439,-0.209027364076834,-0.348332376477299,0
-0.536012193233459,-0.240981467771087,0.344385656664585,0.852640164354092,0.328598336415439,-0.209027364076834,-0.348332376477299,0
0.665218472427326,-0.148511999711091,-0.0659727654521401,0.852640164354092,0.328598336415439,-0.209027364076834,-0.348332376477299,0
-0.425189918615442,0.455572694073509,-0.249058836821895,0.852640164354092,0.328598336415439,-0.209027364076834,-0.348332376477299,0
-0.0795029766643583,-0.664032927001194,-0.0192351837535171,0.852640164354092,0.328598336415439,-0.209027364076834,-0.348332376477299,0
0.342912610384913,0.158125185891614,-0.572345161175612,0.852640164354092,0.328598336415439,-0.209027364076834,-0.348332376477299,0
-0.471128332696931,-0.178483962774025,-0.434936731045726,0.852640164354092,0.328598336415439,-0.209027364076834,-0.348332376477299,0
-0.0833938936664706,-0.254014680472024,-0.626240205892683,0.852640164354092,0.328598336415439,-0.209027364076834,-0.348332376477299,0
0,0,0,0.852640164354092,0.328598336415439,-0.209027364076834,-0.348332376477299,0.000415132677914143
-3.68883137095044e-17,-2.67529325799504e-17,0.7,0.852640164354092,-1.66114614784053e-17,6.17938087089725e-17,-0.522498564715949,0
-0.391836133661537,0.0761101270178106,0.56,0.852640164354092,-1.66114614784053e-17,6.17938087089725e-17,-0.522498564715949,0
0.316688157564015,-0.427736992265134,0.42,0.852640164354092,-1.66114614784053e-17,6.17938087089725e-17,-0.522498564715949,0
0.0634872274543079,0.606411924188204,0.28,0.852640164354092,-1.66114614784053e-17,6.17938087089725e-17,-0.522498564715949,0
-0.48795368213808,-0.432176687973635,0.14,0.852640164354092,-1.66114614784053e-17,6.17938087089725e-17,-0.522498564715949,0
0.665172225363256,-0.0111598107554207,8.36065688844796e-17,0.852640164354092,-1.66114614784053e-17,6.17938087089725e-17,-0.522498564715949,0
-0.473181605385441,0.448301967277445,-0.14,0.852640164354092,-1.66114614784053e-17,6.17938087089725e-17,-0.522498564715949,0
0.0431092826688277,-0.608200328506368,-0.28,0.852640164354092,-1.66114614784053e-17,6.17938087089725e-17,-0.522498564715949,0
0.330858452283655,0.416872892193506,-0.42,0.852640164354092,-1.66114614784053e-17,6.17938087089725e-17,-0.522498564715949,0
-0.394168738785429,-0.0629230676444942,-0.56,0.852640164354092,-1.66114614784053e-17,6.17938087089725e-17,-0.522498564715949,0
1.04887170576337e-16,-1.81221359521425e-17,-0.7,0.852640164354092,-1.66114614784053e-17,6.17938087089725e-17,-0.522498564715949,0
0,0,0,0.852640164354092,-1.66114614784053e-17,6.17938087089725e-17,-0.522498564715949,0.000462392828190887
0,0,0.7,0.962455236453647,0,0,0.271440449865074,0
-0.218284728716448,0.352637391397848,0.56,0.962455236453647,0,0,0.271440449865074,0
-0.102995693023561,-0.543297404395956,0.42,0.962455236453647,0,0,0.271440449865074,0
0.507449162050385,0.379251680735425,0.28,0.962455236453647,0,0,0.271440449865074,0
-0.673881099803764,0.0674873094325821,0.14,0.962455236453647,0,0,0.271440449865074,0
0.460618307693095,-0.515375891583443,4.28626379701574e-17,0.962455236453647,0,0,0.271440449865074,0
0.00831435975921543,0.677200963546992,-0.14,0.962455236453647,0,0,0.271440449865074,0
-0.4336332355479,-0.461842729112998,-0.28,0.962455236453647,0,0,0.271440449865074,0
0.551408618589637,0.0415778516743641,-0.42,0.962455236453647,0,0,0.271440449865074,0
-0.326007742285827,0.256359717140565,-0.56,0.962455236453647,0,0,0.271440449865074,0
1.3720016579332e-17,-8.35304522679574e-17,-0.7,0.962455236453647,0,0,0.271440449865074,0
0,0,0,0.962455236453647,0,0,0.271440449865074,0.000214242727992996
-0.107191908146735,-0.0914601320781117,0.680703241479839,0.962455236453647,-0.149184298804934,0.136665038212042,0.18096029991005,0
-0.337923240929319,0.259620475341215,0.554918320495026,0.962455236453647,-0.149184298804934,0.136665038212042,0.18096029991005,0
-0.10907573086305,-0.601488446710645,0.322668418370515,0.962455236453647,-0.149184298804934,0.136665038212042,0.18096029991005,0
0.417942938064391,0.378587897420121,0.401345332934312,0.962455236453647,-0.149184298804934,0.136665038212042,0.18096029991005,0
-0.69312844197284,-0.00337522816264307,0.0376895168933209,0.962455236453647,-0.149184298804934,0.136665038212042,0.18096029991005,0
0.508197381921508,-0.475441723202398,0.00736310703147699,0.962455236453647,-0.149184298804934,0.136665038212042,0.18096029991005,0
-0.0411873008786967,0.690360943901545,-0.0483287795142163,0.962455236453647,-0.149184298804934,0.136665038212042,0.18096029991005,0
-0.336502274577633,-0.45477933555876,-0.40016536557655,0.962455236453647,-0.149184298804934,0.136665038212042,0.18096029991005,0
0.603806988797068,0.138644893867294,-0.31550041764172,0.962455236453647,-0.149184298804934,0.136665038212042,0.18096029991005,0
-0.262591337286806,0.302188176241593,-0.563618981440286,0.962455236453647,-0.149184298804934,0.136665038212042,0.18096029991005,0
0.107191908146735,0.0914601320781116,-0.680703241479839,0.962455236453647,-0.149184298804934,0.136665038212042,0.18096029991005,0
0,0,0,0.962455236453647,-0.149184298804934,0.136665038212042,0.18096029991005,0.000275398118153142
0.177170962824045,0.00459098346816374,0.669125186367743,0.962455236453647,0.0223736863873476,-0.254936616523619,0.0904801499550247,0
-0.128437541906372,0.31457820334688,0.60216481314341,0.962455236453647,0.0223736863873476,-0.254936616523619,0.0904801499550247,0
0.105149467839032,-0.556399719020467,0.410207827855542,0.962455236453647,0.0223736863873476,-0.254936616523619,0.0904801499550247,0
0.485514671085073,0.471625345241989,0.150758476728207,0.962455236453647,0.0223736863873476,-0.254936616523619,0.0904801499550247,0
-0.6168686956753,-0.0549113597543538,0.307416419736156,0.962455236453647,0.0223736863873476,-0.254936616523619,0.0904801499550247,0
0.529396146596063,-0.428550028910615,-0.133741518859481,0.962455236453647,0.0223736863873476,-0.254936616523619,0.0904801499550247,0
-0.14807803266198,0.674141296828588,-0.114167681617781,0.962455236453647,0.0223736863873476,-0.254936616523619,0.0904801499550247,0
-0.400676820753968,-0.540302201781051,-0.172191090155808,0.962455236453647,0.0223736863873476,-0.254936616523619,0.0904801499550247,0
0.410218833667378,0.139205332679934,-0.540405487696255,0.962455236453647,0.0223736863873476,-0.254936616523619,0.0904801499550247,0
-0.497126687646228,0.191820587773838,-0.444128320542411,0.962455236453647,0.0223736863873476,-0.254936616523619,0.0904801499550247,0
-0.177170962824045,-0.00459098346816383,-0.669125186367743,0.962455236453647,0.0223736863873476,-0.254936616523619,0.0904801499550247,0
0,0,0,0.962455236453647,0.0223736863873476,-0.254936616523619,0.0904801499550247,0.000492777548784939
-0.148898841032346,0.114157958005125,0.665265834663711,0.962455236453647,0.165154918139495,0.215415344943879,1.80239392989198e-17,0
-0.412338293087254,0.362400672248594,0.420069089328353,0.962455236453647,0.165154918139495,0.215415344943879,1.80239392989198e-17,0
-0.0552768430118232,-0.477940566091808,0.500550253546816,0.962455236453647,0.165154918139495,0.215415344943879,1.80239392989198e-17,0
0.33079086265343,0.554806155213574,0.266106333865484,0.962455236453647,0.165154918139495,0.215415344943879,1.80239392989198e-17,0
-0.686908799822365,-0.110619468387529,0.00887536249737412,0.962455236453647,0.165154918139495,0.215415344943879,1.80239392989198e-17,0
0.563169192149484,-0.354656940596182,0.18690596400436,0.962455236453647,0.165154918139495,0.215415344943879,1.80239392989198e-17,0
-0.126838020597541,0.623078178439606,-0.278943640461156,0.962455236453647,0.165154918139495,0.215415344943879,1.80239392989198e-17,0
-0.240540746663971,-0.611641348742371,-0.236153905420077,0.962455236453647,0.165154918139495,0.215415344943879,1.80239392989198e-17,0
0.603523277907531,0.132681262132467,-0.318596890588466,0.962455236453647,0.165154918139495,0.215415344943879,1.80239392989198e-17,0
-0.253134064541297,0.0566818942303329,-0.64092767721752,0.962455236453647,0.165154918139495,0.215415344943879,1.80239392989198e-17,0
0.148898841032346,-0.114157958005125,-0.665265834663711,0.962455236453647,0.165154918139495,0.215415344943879,1.80239392989198e-17,0
0,0,0,0.962455236453647,0.165154918139495,0.215415344943879,1.80239392989198e-17,0.000524220574968486
0.0415607627112486,-0.172288508612918,0.669125186367743,0.962455236453647,-0.252004438889887,-0.0445760369129346,-0.0904801499550247,0
-0.297525834849654,0.102164637137713,0.615545060409883,0.962455236453647,-0.252004438889887,-0.0445760369129346,-0.0904801499550247,0
0.119180733577973,-0.629549895518175,0.25973834156141,0.962455236453647,-0.252004438889887,-0.0445760369129346,-0.0904801499550247,0
0.362662616820352,0.453473999732591,0.384541672365988,0.962455236453647,-0.252004438889887,-0.0445760369129346,-0.0904801499550247,0
-0.652663539855227,-0.213604124051139,0.123129688096491,0.962455236453647,-0.252004438889887,-0.0445760369129346,-0.0904801499550247,0
0.617307436668316,-0.300331702346768,-0.111441106748693,0.962455236453647,-0.252004438889887,-0.0445760369129346,-0.0904801499550247,0
-0.239309904027814,0.647566015544504,0.0378962478832481,0.962455236453647,-0.252004438889887,-0.0445760369129346,-0.0904801499550247,0
-0.263736630567745,-0.50160335650485,-0.402400555540466,0.962455236453647,-0.252004438889887,-0.0445760369129346,-0.0904801499550247,0
0.481769400246428,0.337176329291439,-0.368226501651647,0.962455236453647,-0.252004438889887,-0.0445760369129346,-0.0904801499550247,0
-0.431919314117695,0.252724175704609,-0.483859987649187,0.962455236453647,-0.252004438889887,-0.0445760369129346,-0.0904801499550247,0
-0.0415607627112485,0.172288508612918,-0.669125186367743,0.962455236453647,-0.252004438889887,-0.0445760369129346,-0.0904801499550247,0
0,0,0,0.962455236453647,-0.252004438889887,-0.0445760369129346,-0.0904801499550247,0.000240312276364568
0.0604969474467343,0.127260285562743,0.680703241479839,0.962455236453647,0.170708373734982,-0.108590693966732,-0.180960299910049,0
-0.306245322344758,0.322216521094261,0.540144728964985,0.962455236453647,0.170708373734982,-0.108590693966732,-0.180960299910049,0
0.190435583180822,-0.450111639715639,0.488806957066631,0.962455236453647,0.170708373734982,-0.108590693966732,-0.180960299910049,0
0.305505811547535,0.603705071921747,0.143217260249559,0.962455236453647,0.170708373734982,-0.108590693966732,-0.180960299910049,0
-0.620177308723396,-0.201283609201698,0.241166840101882,0.962455236453647,0.170708373734982,-0.108590693966732,-0.180960299910049,0
0.644738821137531,-0.261884577096693,-0.017259545518591,0.962455236453647,0.170708373734982,-0.108590693966732,-0.180960299910049,0
-0.311432894774177,0.579691634534306,-0.216227797832826,0.962455236453647,0.170708373734982,-0.108590693966732,-0.180960299910049,0
-0.202183836195012,-0.645673123065698,-0.145983171465393,0.962455236453647,0.170708373734982,-0.108590693966732,-0.180960299910049,0
0.437219063158014,0.19516643364101,-0.505609162212782,0.962455236453647,0.170708373734982,-0.108590693966732,-0.180960299910049,0
-0.45561429167184,-0.0127589914983713,-0.519749880297898,0.962455236453647,0.170708373734982,-0.108590693966732,-0.180960299910049,0
-0.0604969474467342,-0.127260285562743,-0.680703241479839,0.962455236453647,0.170708373734982,-0.108590693966732,-0.180960299910049,0
0,0,0,0.962455236453647,0.170708373734982,-0.108590693966732,-0.180960299910049,0.000336210156718115
-2.10853003750065e-17,-1.00728915242362e-17,0.7,0.962455236453647,-8.62973198608877e-18,3.21021728432087e-17,-0.271440449865074,0
-0.370370857839333,0.186619345905105,0.56,0.962455236453647,-8.62973198608877e-18,3.21021728432087e-17,-0.271440449865074,0
0.196053849383415,-0.517052289954055,0.42,0.962455236453647,-8.62973198608877e-18,3.21021728432087e-17,-0.271440449865074,0
0.234513078081615,0.588506674231456,0.28,0.962455236453647,-8.62973198608877e-18,3.21021728432087e-17,-0.271440449865074,0
-0.609840114006863,-0.29455951683026,0.14,0.962455236453647,-8.62973198608877e-18,3.21021728432087e-17,-0.271440449865074,0
0.662024833217496,-0.198757780252312,6.15201727923305e-17,0.962455236453647,-8.62973198608877e-18,3.21021728432087e-17,-0.271440449865074,0
-0.346747374405964,0.581752981900179,-0.14,0.962455236453647,-8.62973198608877e-18,3.21021728432087e-17,-0.271440449865074,0
-0.12842095014092,-0.62035840364356,-0.28,0.962455236453647,-8.62973198608877e-18,3.21021728432087e-17,-0.271440449865074,0
0.448428767356703,0.323561158070209,-0.42,0.962455236453647,-8.62973198608877e-18,3.21021728432087e-17,-0.271440449865074,0
-0.411914879220226,0.0482440139258689,-0.56,0.962455236453647,-8.62973198608877e-18,3.21021728432087e-17,-0.271440449865074,0
7.64280789862308e-17,-5.39798380555067e-17,-0.7,0.962455236453647,-8.62973198608877e-18,3.21021728432087e-17,-0.271440449865074,0
0,0,0,0.962455236453647,-8.62973198608877e-18,3.21021728432087e-17,-0.271440449865074,0.000226698446087617
0,0,0.7,1,-0,0,-0,0
-0.309694928792894,0.28370592358984,0.56,1,-0,0,-0,0
0.048958405841498,-0.557855782884303,0.42,1,-0,0,-0,0
0.390350399066368,0.509142972011523,0.28,1,-0,0,-0,0
-0.675372762920916,-0.119463932232987,0.14,1,-0,0,-0,0
0.590628706368679,-0.375709636838425,4.28626379701574e-17,1,-0,0,-0,0
-0.178051462970797,0.662342567357677,-0.14,1,-0,0,-0,0
-0.295699786072025,-0.569351944334046,-0.28,1,-0,0,-0,0
0.526019925941505,0.192101633289499,-0.42,1,-0,0,-0,0
-0.388225133577879,0.16025369155947,-0.56,1,-0,0,-0,0
3.63343148816797e-17,-7.76443204434301e-17,-0.7,1,-0,0,-0,0
0,0,0,1,0,0,0,0.000230180711122549
0,0,0.7,1,0,0,-0,0
-0.309694928792894,0.28370592358984,0.56,1,0,0,-0,0
0.048958405841498,-0.557855782884303,0.42,1,0,0,-0,0
0.390350399066368,0.509142972011523,0.28,1,0,0,-0,0
-0.675372762920916,-0.119463932232987,0.14,1,0,0,-0,0
0.590628706368679,-0.375709636838425,4.28626379701574e-17,1,0,0,-0,0
-0.178051462970797,0.662342567357677,-0.14,1,0,0,-0,0
-0.295699786072025,-0.569351944334046,-0.28,1,0,0,-0,0
0.526019925941505,0.192101633289499,-0.42,1,0,0,-0,0
-0.388225133577879,0.16025369155947,-0.56,1,0,0,-0,0
3.63343148816797e-17,-7.76443204434301e-17,-0.7,1,0,0,-0,0
0,0,0,1,0,0,0,0.000230180711122549
0,0,0.7,1,-0,0,-0,0
-0.309694928792894,0.28370592358984,0.56,1,-0,0,-0,0
0.048958405841498,-0.557855782884303,0.42,1,-0,0,-0,0
0.390350399066368,0.509142972011523,0.28,1,-0,0,-0,0
-0.675372762920916,-0.119463932232987,0.14,1,-0,0,-0,0
0.590628706368679,-0.375709636838425,4.28626379701574e-17,1,-0,0,-0,0
-0.178051462970797,0.662342567357677,-0.14,1,-0,0,-0,0
-0.295699786072025,-0.569351944334046,-0.28,1,-0,0,-0,0
0.526019925941505,0.192101633289499,-0.42,1,-0,0,-0,0
-0.388225133577879,0.16025369155947,-0.56,1,-0,0,-0,0
3.63343148816797e-17,-7.76443204434301e-17,-0.7,1,-0,0,-0,0
0,0,0,1,0,0,0,0.000230180711122549
0,0,0.7,1,-0,0,-0,0
-0.309694928792894,0.28370592358984,0.56,1,-0,0,-0,0
0.048958405841498,-0.557855782884303,0.42,1,-0,0,-0,0
0.390350399066368,0.509142972011523,0.28,1,-0,0,-0,0
-0.675372762920916,-0.119463932232987,0.14,1,-0,0,-0,0
0.590628706368679,-0.375709636838425,4.28626379701574e-17,1,-0,0,-0,0
-0.178051462970797,0.662342567357677,-0.14,1,-0,0,-0,0
-0.295699786072025,-0.569351944334046,-0.28,1,-0,0,-0,0
0.526019925941505,0.192101633289499,-0.42,1,-0,0,-0,0
-0.388225133577879,0.16025369155947,-0.56,1,-0,0,-0,0
3.63343148816797e-17,-7.76443204434301e-17,-0.7,1,-0,0,-0,0
0,0,0,1,0,0,0,0.000230180711122549
0,0,0.7,1,0,0,0,0
-0.309694928792894,0.28370592358984,0.56,1,0,0,0,0
0.048958405841498,-0.557855782884303,0.42,1,0,0,0,0
0.390350399066368,0.509142972011523,0.28,1,0,0,0,0
-0.675372762920916,-0.119463932232987,0.14,1,0,0,0,0
0.590628706368679,-0.375709636838425,4.28626379701574e-17,1,0,0,0,0
-0.178051462970797,0.662342567357677,-0.14,1,0,0,0,0
-0.295699786072025,-0.569351944334046,-0.28,1,0,0,0,0
0.526019925941505,0.192101633289499,-0.42,1,0,0,0,0
-0.388225133577879,0.16025369155947,-0.56,1,0,0,0,0
3.63343148816797e-17,-7.76443204434301e-17,-0.7,1,0,0,0,0
0,0,0,1,0,0,0,0.000230180711122549
0,0,0.7,1,-0,0,0,0
-0.309694928792894,0.28370592358984,0.56,1,-0,0,0,0
0.048958405841498,-0.557855782884303,0.42,1,-0,0,0,0
0.390350399066368,0.509142972011523,0.28,1,-0,0,0,0
-0.675372762920916,-0.119463932232987,0.14,1,-0,0,0,0
0.590628706368679,-0.375709636838425,4.28626379701574e-17,1,-0,0,0,0
-0.178051462970797,0.662342567357677,-0.14,1,-0,0,0,0
-0.295699786072025,-0.569351944334046,-0.28,1,-0,0,0,0
0.526019925941505,0.192101633289499,-0.42,1,-0,0,0,0
-0.388225133577879,0.16025369155947,-0.56,1,-0,0,0,0
3.63343148816797e-17,-7.76443204434301e-17,-0.7,1,-0,0,0,0
0,0,0,1,0,0,0,0.000230180711122549
0,0,0.7,1,0,0,0,0
-0.309694928792894,0.28370592358984,0.56,1,0,0,0,0
0.048958405841498,-0.557855782884303,0.42,1,0,0,0,0
0.390350399066368,0.509142972011523,0.28,1,0,0,0,0
-0.675372762920916,-0.119463932232987,0.14,1,0,0,0,0
0.590628706368679,-0.375709636838425,4.28626379701574e-17,1,0,0,0,0
-0.178051462970797,0.662342567357677,-0.14,1,0,0,0,0
-0.295699786072025,-0.569351944334046,-0.28,1,0,0,0,0
0.526019925941505,0.192101633289499,-0.42,1,0,0,0,0
-0.388225133577879,0.16025369155947,-0.56,1,0,0,0,0
3.63343148816797e-17,-7.76443204434301e-17,-0.7,1,0,0,0,0
0,0,0,1,0,0,0,0.000230180711122549
0,0,0.7,0.962455236453647,0,0,-0.271440449865074,0
-0.370370857839333,0.186619345905105,0.56,0.962455236453647,0,0,-0.271440449865074,0
0.196053849383415,-0.517052289954055,0.42,0.962455236453647,0,0,-0.271440449865074,0
0.234513078081615,0.588506674231456,0.28,0.962455236453647,0,0,-0.271440449865074,0
-0.609840114006863,-0.29455951683026,0.14,0.962455236453647,0,0,-0.271440449865074,0
0.662024833217496,-0.198757780252312,4.28626379701574e-17,0.962455236453647,0,0,-0.271440449865074,0
-0.346747374405964,0.581752981900179,-0.14,0.962455236453647,0,0,-0.271440449865074,0
-0.12842095014092,-0.62035840364356,-0.28,0.962455236453647,0,0,-0.271440449865074,0
0.448428767356703,0.323561158070209,-0.42,0.962455236453647,0,0,-0.271440449865074,0
-0.411914879220226,0.0482440139258689,-0.56,0.962455236453647,0,0,-0.271440449865074,0
5.53427786112243e-17,-6.40527295797429e-17,-0.7,0.962455236453647,0,0,-0.271440449865074,0
0,0,0,0.962455236453647,0,0,-0.271440449865074,0.000226698446087617
0.0817386047163649,0.114777443040458,0.680703241479839,0.962455236453647,0.149184298804934,-0.136665038212042,-0.18096029991005,0
-0.288169583387429,0.313931838440908,0.554918320495026,0.962455236453647,0.149184298804934,-0.136665038212042,-0.18096029991005,0
0.203648938459461,-0.460249158678235,0.473812828660995,0.962455236453647,0.149184298804934,-0.136665038212042,-0.18096029991005,0
0.311557753897119,0.600586256464903,0.145983171465393,0.962455236453647,0.149184298804934,-0.136665038212042,-0.18096029991005,0
-0.612648348868953,-0.203492263980824,0.255170194279432,0.962455236453647,0.149184298804934,-0.136665038212042,-0.18096029991005,0
0.642468398937775,-0.264362982314977,-0.041354521476621,0.962455236453647,0.149184298804934,-0.136665038212042,-0.18096029991005,0
-0.315681226228103,0.585481441113289,-0.195415309192155,0.962455236453647,0.149184298804934,-0.136665038212042,-0.18096029991005,0
-0.208599622784887,-0.642951481959896,-0.152610398969988,0.962455236453647,0.149184298804934,-0.136665038212042,-0.18096029991005,0
0.421795446923919,0.202891219726716,-0.514071545370693,0.962455236453647,0.149184298804934,-0.136665038212042,-0.18096029991005,0
-0.471007172200219,-0.00154568599639427,-0.506051494522871,0.962455236453647,0.149184298804934,-0.136665038212042,-0.18096029991005,0
-0.0817386047163649,-0.114777443040458,-0.680703241479839,0.962455236453647,0.149184298804934,-0.136665038212042,-0.18096029991005,0
0,0,0,0.962455236453647,0.149184298804934,-0.136665038212042,-0.18096029991005,0.000347182383440429
-0.1752623027538,-0.026339180523312,0.669125186367743,0.962455236453647,-0.0223736863873476,0.254936616523619,-0.0904801499550247,0
-0.461079530742942,0.234494723656119,0.458776635507137,0.962455236453647,-0.0223736863873476,0.254936616523619,-0.0904801499550247,0
-0.00662731070534915,-0.566209445934718,0.410207827855542,0.962455236453647,-0.0223736863873476,0.254936616523619,-0.0904801499550247,0
0.253562670197679,0.529004944144076,0.369787535988205,0.962455236453647,-0.0223736863873476,0.254936616523619,-0.0904801499550247,0
-0.666008353525236,-0.181779667973596,-0.0378962478832482,0.962455236453647,-0.0223736863873476,0.254936616523619,-0.0904801499550247,0
0.596531655104196,-0.323010658466905,0.147024828353291,0.962455236453647,-0.0223736863873476,0.254936616523619,-0.0904801499550247,0
-0.195945290934804,0.648511335744612,-0.174546102058928,0.962455236453647,-0.0223736863873476,0.254936616523619,-0.0904801499550247,0
-0.157966086053837,-0.580768694361314,-0.346226219074596,0.962455236453647,-0.0223736863873476,0.254936616523619,-0.0904801499550247,0
0.58735217593644,0.251757866540101,-0.267078837297319,0.962455236453647,-0.0223736863873476,0.254936616523619,-0.0904801499550247,0
-0.243815787495419,0.147192817895454,-0.632509432893943,0.962455236453647,-0.0223736863873476,0.254936616523619,-0.0904801499550247,0
0.1752623027538,0.0263391805233119,-0.669125186367743,0.962455236453647,-0.0223736863873476,0.254936616523619,-0.0904801499550247,0
0,0,0,0.962455236453647,-0.0223736863873476,0.254936616523619,-0.0904801499550247,0.000496817361147692
0.148898841032346,-0.114157958005125,0.665265834663711,0.962455236453647,-0.165154918139495,-0.215415344943879,-1.44191514391359e-17,0
-0.1741001474355,0.179747939440394,0.644356246133584,0.962455236453647,-0.165154918139495,-0.215415344943879,-1.44191514391359e-17,0
0.123401766226992,-0.614930115697959,0.297768748049637,0.962455236453647,-0.165154918139495,-0.215415344943879,-1.44191514391359e-17,0
0.449909935479307,0.463479788809473,0.266106333865484,0.962455236453647,-0.165154918139495,-0.215415344943879,-1.44191514391359e-17,0
-0.627349263409426,-0.156282651589579,0.25723097136811,0.962455236453647,-0.165154918139495,-0.215415344943879,-1.44191514391359e-17,0
0.563169192149484,-0.354656940596182,-0.18690596400436,0.962455236453647,-0.165154918139495,-0.215415344943879,-1.44191514391359e-17,0
-0.18639755701048,0.668741361641656,0.012837306595672,0.962455236453647,-0.165154918139495,-0.215415344943879,-1.44191514391359e-17,0
-0.359659819489848,-0.520314982338271,-0.296058762310891,0.962455236453647,-0.165154918139495,-0.215415344943879,-1.44191514391359e-17,0
0.424844668668715,0.269670811738617,-0.479722111007987,0.962455236453647,-0.165154918139495,-0.215415344943879,-1.44191514391359e-17,0
-0.491372210193051,0.239334627038533,-0.423497658244417,0.962455236453647,-0.165154918139495,-0.215415344943879,-1.44191514391359e-17,0
-0.148898841032346,0.114157958005125,-0.665265834663711,0.962455236453647,-0.165154918139495,-0.215415344943879,-1.44191514391359e-17,0
0,0,0,0.962455236453647,-0.165154918139495,-0.215415344943879,-1.44191514391359e-17,0.000337663766240491
-0.0200627046037677,0.176091212390585,0.669125186367743,0.962455236453647,0.252004438889887,0.0445760369129346,0.0904801499550247,0
-0.296129232327373,0.436207762438096,0.447085252082219,0.962455236453647,0.252004438889887,0.0445760369129346,0.0904801499550247,0
-0.0174765276133619,-0.429270434396708,0.541684954023685,0.962455236453647,0.252004438889887,0.0445760369129346,0.0904801499550247,0
0.428991924550601,0.523074223635315,0.16551261310599,0.962455236453647,0.252004438889887,0.0445760369129346,0.0904801499550247,0
-0.686335228583864,-0.0232459044294911,0.123129688096491,0.962455236453647,0.252004438889887,0.0445760369129346,0.0904801499550247,0
0.550171928160183,-0.405871072790478,0.127539189311762,0.962455236453647,0.252004438889887,0.0445760369129346,0.0904801499550247,0
-0.108631299176417,0.609706065226075,-0.307416419736156,0.962455236453647,0.252004438889887,0.0445760369129346,0.0904801499550247,0
-0.340824672110732,-0.588116686729398,-0.14507394780071,0.962455236453647,0.252004438889887,0.0445760369129346,0.0904801499550247,0
0.553070097713082,0.0341540612240559,-0.41752527550366,0.962455236453647,0.252004438889887,0.0445760369129346,0.0904801499550247,0
-0.353984827954215,0.0433922999733721,-0.597792723628007,0.962455236453647,0.252004438889887,0.0445760369129346,0.0904801499550247,0
0.0200627046037678,-0.176091212390585,-0.669125186367743,0.962455236453647,0.252004438889887,0.0445760369129346,0.0904801499550247,0
0,0,0,0.962455236453647,0.252004438889887,0.0445760369129346,0.0904801499550247,0.000359870980240127
-0.0896226132814679,-0.108732921051925,0.680703241479839,0.962455236453647,-0.170708373734982,0.108590693966732,0.180960299910049,0
-0.32495021817873,0.244100652797689,0.569375306069844,0.962455236453647,-0.170708373734982,0.108590693966732,0.180960299910049,0
-0.0990025148607494,-0.609204306645707,0.311234727563025,0.962455236453647,-0.170708373734982,0.108590693966732,0.180960299910049,0
0.427415376568767,0.369804460278526,0.398579421718478,0.962455236453647,-0.170708373734982,0.108590693966732,0.180960299910049,0
-0.692895211400304,-0.0071176996827368,0.0560534987591099,0.962455236453647,-0.170708373734982,0.108590693966732,0.180960299910049,0
0.510467804121264,-0.472963317984114,-0.017259545518591,0.962455236453647,-0.170708373734982,0.108590693966732,0.180960299910049,0
-0.0447011598517502,0.690522263621781,-0.0311144564900541,0.962455236453647,-0.170708373734982,0.108590693966732,0.180960299910049,0
-0.345610868841718,-0.445598724066123,-0.401345332934312,0.962455236453647,-0.170708373734982,0.108590693966732,0.180960299910049,0
0.595944033750225,0.148773486679247,-0.328036932709176,0.962455236453647,-0.170708373734982,0.108590693966732,0.180960299910049,0
-0.278247218466346,0.314779375936494,-0.548980457402758,0.962455236453647,-0.170708373734982,0.108590693966732,0.180960299910049,0
0.0896226132814679,0.108732921051925,-0.680703241479839,0.962455236453647,-0.170708373734982,0.108590693966732,0.180960299910049,0
0,0,0,0.962455236453647,-0.170708373734982,0.108590693966732,0.180960299910049,0.000270603873761381
2.32938624206535e-17,1.8571507991939e-18,0.7,0.962455236453647,8.62973198608877e-18,-3.21021728432087e-17,0.271440449865074,0
-0.218284728716448,0.352637391397848,0.56,0.962455236453647,8.62973198608877e-18,-3.21021728432087e-17,0.271440449865074,0
-0.102995693023561,-0.543297404395956,0.42,0.962455236453647,8.62973198608877e-18,-3.21021728432087e-17,0.271440449865074,0
0.507449162050385,0.379251680735425,0.28,0.962455236453647,8.62973198608877e-18,-3.21021728432087e-17,0.271440449865074,0
-0.673881099803764,0.0674873094325821,0.14,0.962455236453647,8.62973198608877e-18,-3.21021728432087e-17,0.271440449865074,0
0.460618307693095,-0.515375891583443,3.04782075881553e-17,0.962455236453647,8.62973198608877e-18,-3.21021728432087e-17,0.271440449865074,0
0.00831435975921543,0.677200963546992,-0.14,0.962455236453647,8.62973198608877e-18,-3.21021728432087e-17,0.271440449865074,0
-0.4336332355479,-0.461842729112998,-0.28,0.962455236453647,8.62973198608877e-18,-3.21021728432087e-17,0.271440449865074,0
0.551408618589637,0.0415778516743641,-0.42,0.962455236453647,8.62973198608877e-18,-3.21021728432087e-17,0.271440449865074,0
-0.326007742285827,0.256359717140565,-0.56,0.962455236453647,8.62973198608877e-18,-3.21021728432087e-17,0.271440449865074,0
-9.57384584132148e-18,-8.53876030671513e-17,-0.7,0.962455236453647,8.62973198608877e-18,-3.21021728432087e-17,0.271440449865074,0
0,0,0,0.962455236453647,8.62973198608877e-18,-3.21021728432087e-17,0.271440449865074,0.000214242727992996
0,0,0.7,0.852640164354092,0,0,-0.522498564715949,0
-0.391836133661537,0.0761101270178106,0.56,0.852640164354092,0,0,-0.522498564715949,0
0.316688157564015,-0.427736992265134,0.42,0.852640164354092,0,0,-0.522498564715949,0
0.0634872274543079,0.606411924188204,0.28,0.852640164354092,0,0,-0.522498564715949,0
-0.48795368213808,-0.432176687973635,0.14,0.852640164354092,0,0,-0.522498564715949,0
0.665172225363256,-0.0111598107554206,4.28626379701574e-17,0.852640164354092,0,0,-0.522498564715949,0
-0.473181605385441,0.448301967277445,-0.14,0.852640164354092,0,0,-0.522498564715949,0
0.0431092826688277,-0.608200328506368,-0.28,0.852640164354092,0,0,-0.522498564715949,0
0.330858452283655,0.416872892193506,-0.42,0.852640164354092,0,0,-0.522498564715949,0
-0.394168738785429,-0.0629230676444942,-0.56,0.852640164354092,0,0,-0.522498564715949,0
6.79988568668326e-17,-4.48750685320929e-17,-0.7,0.852640164354092,0,0,-0.522498564715949,0
0,0,0,0.852640164354092,0,0,-0.522498564715949,0.000462392828190888
0.12636386415593,0.235605970280341,0.626240205892682,0.852640164354092,0.287166419162949,-0.263067963334635,-0.348332376477299,0
-0.276417803104681,0.34575126810572,0.54057582398543,0.852640164354092,0.287166419162949,-0.263067963334635,-0.348332376477299,0
0.332251262849943,-0.323868150633731,0.476835214860353,0.852640164354092,0.287166419162949,-0.263067963334635,-0.348332376477299,0
0.193950203585263,0.640034194375192,0.0192351837535173,0.852640164354092,0.287166419162949,-0.263067963334635,-0.348332376477299,0
-0.514878348200917,-0.24356269040981,0.366034153738394,0.852640164354092,0.287166419162949,-0.263067963334635,-0.348332376477299,0
0.656540026572511,-0.157985438393765,-0.110092389447366,0.852640164354092,0.287166419162949,-0.263067963334635,-0.348332376477299,0
-0.433783912713334,0.471842486175782,-0.206957036037245,0.852640164354092,0.287166419162949,-0.263067963334635,-0.348332376477299,0
-0.088737037851289,-0.665351992895496,-0.0368779295849408,0.852640164354092,0.287166419162949,-0.263067963334635,-0.348332376477299,0
0.306891882677752,0.170068982333653,-0.584010395720828,0.852640164354092,0.287166419162949,-0.263067963334635,-0.348332376477299,0
-0.499386778273681,-0.159066798101947,-0.410484471362126,0.852640164354092,0.287166419162949,-0.263067963334635,-0.348332376477299,0
-0.12636386415593,-0.235605970280341,-0.626240205892682,0.852640164354092,0.287166419162949,-0.263067963334635,-0.348332376477299,0
0,0,0,0.852640164354092,0.287166419162949,-0.263067963334635,-0.348332376477299,0.000467350063384409
-0.322818187114875,-0.0702163098150038,0.581984329428292,0.852640164354092,-0.0430673432445488,0.490730163073865,-0.17416618823865,0
-0.560735121662815,0.174473708323171,0.314304155766502,0.852640164354092,-0.0430673432445488,0.490730163073865,-0.17416618823865,0
-0.0534257347477166,-0.580125397245272,0.382570470035988,0.852640164354092,-0.0430673432445488,0.490730163073865,-0.17416618823865,0
0.0959379981222281,0.528551421701016,0.407486694361273,0.852640164354092,-0.0430673432445488,0.490730163073865,-0.17416618823865,0
-0.591181820826386,-0.232709559417296,-0.19989906936304,0.852640164354092,-0.0430673432445488,0.490730163073865,-0.17416618823865,0
0.547071918002049,-0.278216667903732,0.285466520235068,0.852640164354092,-0.0430673432445488,0.490730163073865,-0.17416618823865,0
-0.199305372047301,0.634716508750542,-0.212583496117853,0.852640164354092,-0.0430673432445488,0.490730163073865,-0.17416618823865,0
-0.00826753471173044,-0.57313675573301,-0.361739542490289,0.852640164354092,-0.0430673432445488,0.490730163073865,-0.17416618823865,0
0.586001438208017,0.309280865205783,-0.104668190964911,0.852640164354092,-0.0430673432445488,0.490730163073865,-0.17416618823865,0
-0.0857157924499776,0.154282737346023,-0.651627434264351,0.852640164354092,-0.0430673432445488,0.490730163073865,-0.17416618823865,0
0.322818187114875,0.0702163098150037,-0.581984329428292,0.852640164354092,-0.0430673432445488,0.490730163073865,-0.17416618823865,0
0,0,0,0.852640164354092,-0.0430673432445488,0.490730163073865,-0.17416618823865,0.000662332338555593
0.2758559733223,-0.211493618080943,0.567232370606829,0.852640164354092,-0.317908431578862,-0.41465525350741,0,0
-0.0260335176717727,0.0662280222581233,0.661547594008541,0.852640164354092,-0.317908431578862,-0.41465525350741,0,0
0.157533837316691,-0.641098536560545,0.152498841527965,0.852640164354092,-0.317908431578862,-0.41465525350741,0,0
0.500692788395288,0.424545524779146,0.226892948242731,0.852640164354092,-0.317908431578862,-0.41465525350741,0,0
-0.550466857973295,-0.215226954649697,0.343503262139636,0.852640164354092,-0.317908431578862,-0.41465525350741,0,0
0.485667652263209,-0.295237958726821,-0.346269495871797,0.852640164354092,-0.317908431578862,-0.41465525350741,0,0
-0.15129473218323,0.641828682035104,0.156836076734012,0.852640164354092,-0.317908431578862,-0.41465525350741,0,0
-0.422862604216022,-0.471858588758886,-0.282384020200635,0.852640164354092,-0.317908431578862,-0.41465525350741,0,0
0.315264679734996,0.353683740839791,-0.489592949783902,0.852640164354092,-0.317908431578862,-0.41465525350741,0,0
-0.547858666206307,0.282641736944236,-0.252376103442541,0.852640164354092,-0.317908431578862,-0.41465525350741,0,0
-0.2758559733223,0.211493618080943,-0.567232370606829,0.852640164354092,-0.317908431578862,-0.41465525350741,0,0
0,0,0,0.852640164354092,-0.317908431578862,-0.41465525350741,0,0.000274136522522387
-0.0159960422201279,0.329978845881767,0.581984329428292,0.852640164354092,0.48508598363827,0.0858048802944099,0.17416618823865,0
-0.259216986860871,0.537636688684868,0.294307551401593,0.852640164354092,0.48508598363827,0.0858048802944099,0.17416618823865,0
-0.0703915049374035,-0.263602566014744,0.607445147348875,0.852640164354092,0.48508598363827,0.0858048802944099,0.17416618823865,0
0.472727324427156,0.493846072132872,0.0581007691813602,0.852640164354092,0.48508598363827,0.0858048802944099,0.17416618823865,0
-0.684113162933997,0.0608398622413984,0.0755150383817565,0.852640164354092,0.48508598363827,0.0858048802944099,0.17416618823865,0
0.502107179878259,-0.387055262072467,0.252138846293553,0.852640164354092,0.48508598363827,0.0858048802944099,0.17416618823865,0
-0.0414025911797077,0.49843254333199,-0.439841047928922,0.852640164354092,0.48508598363827,0.0858048802944099,0.17416618823865,0
-0.392262640181564,-0.555873226287104,-0.0176945103862209,0.852640164354092,0.48508598363827,0.0858048802944099,0.17416618823865,0
0.559193937920501,-0.11319657445125,-0.361987431433078,0.852640164354092,0.48508598363827,0.0858048802944099,0.17416618823865,0
-0.334101066458914,-0.0802704453348018,-0.592248977942155,0.852640164354092,0.48508598363827,0.0858048802944099,0.17416618823865,0
0.0159960422201279,-0.329978845881767,-0.581984329428292,0.852640164354092,0.48508598363827,0.0858048802944099,0.17416618823865,0
0,0,0,0.852640164354092,0.48508598363827,0.0858048802944099,0.17416618823865,0.000371699019829092
-0.19472363399379,-0.183195812617024,0.626240205892683,0.852640164354092,-0.328598336415439,0.209027364076834,0.348332376477299,0
-0.349584629171285,0.209253490310406,0.567047598382566,0.852640164354092,-0.328598336415439,0.209027364076834,0.348332376477299,0
-0.231545624445739,-0.597443405613921,0.179143085895608,0.852640164354092,-0.328598336415439,0.209027364076834,0.348332376477299,0
0.411961454641793,0.206899617330878,0.481756980960629,0.852640164354092,-0.328598336415439,0.209027364076834,0.348332376477299,0
-0.67073230040029,0.118738094752083,0.00143724553517767,0.852640164354092,-0.328598336415439,0.209027364076834,0.348332376477299,0
0.416462593394317,-0.539564952920416,-0.06597276545214,0.852640164354092,-0.328598336415439,0.209027364076834,0.348332376477299,0
0.0689680066096948,0.660901968961597,0.0938895743075124,0.852640164354092,-0.328598336415439,0.209027364076834,0.348332376477299,0
-0.345221657999771,-0.293367059555575,-0.492329380547111,0.852640164354092,-0.328598336415439,0.209027364076834,0.348332376477299,0
0.636972865989964,0.0721757490075039,-0.243367716723329,0.852640164354092,-0.328598336415439,0.209027364076834,0.348332376477299,0
-0.1425309690425,0.428326772102775,-0.489090472217437,0.852640164354092,-0.328598336415439,0.209027364076834,0.348332376477299,0
0.19472363399379,0.183195812617024,-0.626240205892683,0.852640164354092,-0.328598336415439,0.209027364076834,0.348332376477299,0
0,0,0,0.852640164354092,-0.328598336415439,0.209027364076834,0.348332376477299,0.0001695745633296
4.53303057461441e-17,-4.65085700911963e-18,0.7,0.852640164354092,1.66114614784053e-17,-6.17938087089725e-17,0.522498564715949,0
-0.110075262407338,0.383681826105231,0.56,0.852640164354092,1.66114614784053e-17,-6.17938087089725e-17,0.522498564715949,0
-0.23734303583086,-0.47635974539827,0.42,0.852640164354092,1.66114614784053e-17,-6.17938087089725e-17,0.522498564715949,0
0.569139578916371,0.218737718645804,0.28,0.852640164354092,1.66114614784053e-17,-6.17938087089725e-17,0.522498564715949,0
-0.606598584590249,0.238565803737833,0.14,0.852640164354092,1.66114614784053e-17,-6.17938087089725e-17,0.522498564715949,0
0.292038406813744,-0.597739240569409,2.60969773667423e-17,0.852640164354092,1.66114614784053e-17,-6.17938087089725e-17,0.522498564715949,0
0.184620024154186,0.625132731682863,-0.14,0.852640164354092,1.66114614784053e-17,-6.17938087089725e-17,0.522498564715949,0
-0.522339255930448,-0.314527823191369,-0.28,0.852640164354092,1.66114614784053e-17,-6.17938087089725e-17,0.522498564715949,0
0.521643060796998,-0.105540706912803,-0.42,0.852640164354092,1.66114614784053e-17,-6.17938087089725e-17,0.522498564715949,0
-0.235013726496094,0.322640442963848,-0.56,0.852640164354092,1.66114614784053e-17,-6.17938087089725e-17,0.522498564715949,0
-5.44434495709478e-17,-7.63094228853105e-17,-0.7,0.852640164354092,1.66114614784053e-17,-6.17938087089725e-17,0.522498564715949,0
0,0,0,0.852640164354092,1.66114614784053e-17,-6.17938087089725e-17,0.522498564715949,0.000552362929420107
0,0,0.7,-0.453990499739547,0,0,0.891006524188368,0
-0.318770317764112,-0.119232574943654,0.56,-0.453990499739547,0,0,0.891006524188368,0
0.420789011611522,-0.169877154308971,0.42,-0.453990499739547,0,0,0.891006524188368,0
-0.224003577611972,0.469142355281423,0.28,-0.453990499739547,0,0,0.891006524188368,0
-0.162203884777535,-0.531575356404667,0.14,-0.453990499739547,0,0,0.891006524188368,0
0.488548780280287,0.288223266845142,4.28626379701574e-17,-0.453990499739547,0,0,0.891006524188368,0
-0.543720768266312,0.1151094519558,-0.14,-0.453990499739547,0,0,0.891006524188368,0
0.302295474081872,-0.422953423737862,-0.28,-0.453990499739547,0,0,0.891006524188368,0
0.0548142898386385,0.450463132207954,-0.42,-0.453990499739547,0,0,0.891006524188368,0
-0.258526368847571,-0.221348230229241,-0.56,-0.453990499739547,0,0,0.891006524188368,0
6.94268353565094e-17,-2.33024910756267e-18,-0.7,-0.453990499739547,0,0,0.891006524188368,0
0,0,0,-0.453990499739547,0,0,0.891006524188368,0.000319654343798162
0.0923370163141605,0.426294004101776,0.454176726333468,-0.453990499739547,-0.489699245664146,0.448604622987879,0.594004349458912,0
-0.285378558617879,0.395967757693946,0.49526399315555,-0.453990499739547,-0.489699245664146,0.448604622987879,0.594004349458912,0
0.448857693381749,-0.023836399261241,0.346375648851409,-0.453990499739547,-0.489699245664146,0.448604622987879,0.594004349458912,0
-0.0790571667799348,0.559019375664057,-0.144648937992266,-0.453990499739547,-0.489699245664146,0.448604622987879,0.594004349458912,0
-0.280546763650684,-0.184783590646246,0.51482670783508,-0.453990499739547,-0.489699245664146,0.448604622987879,0.594004349458912,0
0.576618169751206,-0.017436443686226,-0.282125812893941,-0.453990499739547,-0.489699245664146,0.448604622987879,0.594004349458912,0
-0.55263304940067,0.209978240507936,-0.107171270710443,-0.453990499739547,-0.489699245664146,0.448604622987879,0.594004349458912,0
0.171462535232446,-0.561813635518932,0.0994371478371323,-0.453990499739547,-0.489699245664146,0.448604622987879,0.594004349458912,0
0.112481350495274,0.00686198336368986,-0.621025742051289,-0.453990499739547,-0.489699245664146,0.448604622987879,0.594004349458912,0
-0.395985866540417,-0.375363876213423,-0.16188828214086,-0.453990499739547,-0.489699245664146,0.448604622987879,0.594004349458912,0
-0.0923370163141605,-0.426294004101776,-0.454176726333468,-0.453990499739547,-0.489699245664146,0.448604622987879,0.594004349458912,0
0,0,0,-0.453990499739547,-0.489699245664146,0.448604622987879,0.594004349458912,0.00132623680134282
-0.462521176610634,-0.180184812371942,0.306682762133549,0.453990499739547,-0.0734418932446524,0.836832493793621,-0.297002174729456,0
-0.567441168513062,0.0590340009761448,-0.00930018650034331,0.453990499739547,-0.0734418932446524,0.836832493793621,-0.297002174729456,0
-0.0977335559553785,-0.615002709229458,0.295256571701301,0.453990499739547,-0.0734418932446524,0.836832493793621,-0.297002174729456,0
-0.187179233686242,0.473966746706345,0.323697529493458,0.453990499739547,-0.0734418932446524,0.836832493793621,-0.297002174729456,0
-0.309265486979314,-0.276090218056075,-0.391839798744392,0.453990499739547,-0.0734418932446524,0.836832493793621,-0.297002174729456,0
0.328626243634289,-0.234463558530066,0.462761813015428,0.453990499739547,-0.0734418932446524,0.836832493793621,-0.297002174729456,0
-0.165580375670357,0.614876461902196,-0.276824182173622,0.453990499739547,-0.0734418932446524,0.836832493793621,-0.297002174729456,0
0.239842903891594,-0.511540469927737,-0.249538097688017,0.453990499739547,-0.0734418932446524,0.836832493793621,-0.297002174729456,0
0.417651919738752,0.386751924440524,0.155243060963691,0.453990499739547,-0.0734418932446524,0.836832493793621,-0.297002174729456,0
0.179117936030777,0.218021312503374,-0.537525170818028,0.453990499739547,-0.0734418932446524,0.836832493793621,-0.297002174729456,0
0.462521176610634,0.180184812371942,-0.306682762133548,0.453990499739547,-0.0734418932446524,0.836832493793621,-0.297002174729456,0
0,0,0,0.453990499739547,-0.0734418932446524,0.836832493793621,-0.297002174729456,9.44576192152327e-07
0.40109196450703,-0.307509711445235,0.257518107400242,-0.453990499739547,0.542122994701905,0.707103447001692,7.85049931048137e-17,0
0.221064287749503,-0.123217246078873,0.508098020328511,-0.453990499739547,0.542122994701905,0.707103447001692,7.85049931048137e-17,0
0.0998527098314996,-0.596875494369691,-0.11860755556115,-0.453990499739547,0.542122994701905,0.707103447001692,7.85049931048137e-17,0
0.55078718486918,0.38613908743343,0.103007242960097,-0.453990499739547,0.542122994701905,0.707103447001692,7.85049931048137e-17,0
-0.362745711922492,-0.359149248194522,0.386004005659208,-0.453990499739547,0.542122994701905,0.707103447001692,7.85049931048137e-17,0
0.240819298140723,-0.107517302650883,-0.503472557347196,-0.453990499739547,0.542122994701905,0.707103447001692,7.85049931048137e-17,0
0.0147757929540715,0.514505514822575,0.341484639709041,-0.453990499739547,0.542122994701905,0.707103447001692,7.85049931048137e-17,0
-0.512194928949166,-0.403369165304132,-0.183690734407252,-0.453990499739547,0.542122994701905,0.707103447001692,7.85049931048137e-17,0
0.134585401308452,0.492207166113014,-0.371524075361158,-0.453990499739547,0.542122994701905,0.707103447001692,7.85049931048137e-17,0
-0.505629900233543,0.25026573146895,0.0868334397187235,-0.453990499739547,0.542122994701905,0.707103447001692,7.85049931048137e-17,0
-0.40109196450703,0.307509711445235,-0.257518107400242,-0.453990499739547,0.542122994701905,0.707103447001692,7.85049931048137e-17,0
0,0,0,-0.453990499739547,0.542122994701905,0.707103447001692,7.85049931048137e-17,8.51911649161731e-07
0.0539347009249316,0.493440425440534,0.306682762133548,0.453990499739547,0.827207585630402,0.146321374473218,0.297002174729456,0
-0.143894907509259,0.548647281258142,-0.0323108781024183,0.453990499739547,0.827207585630402,0.146321374473218,0.297002174729456,0
-0.110975883768374,0.0742642108910983,0.554026598568636,0.453990499739547,0.827207585630402,0.146321374473218,0.297002174729456,0
0.549457127640219,0.33703434059664,-0.0783513197866193,0.453990499739547,0.827207585630402,0.146321374473218,0.297002174729456,0
-0.645902294277327,0.150156930329401,-0.0749125354687598,0.453990499739547,0.827207585630402,0.146321374473218,0.297002174729456,0
0.412446592512744,-0.229847781855127,0.424410660345304,0.453990499739547,0.827207585630402,0.146321374473218,0.297002174729456,0
0.0499408888438,0.181959783923555,-0.538336254100384,0.453990499739547,0.827207585630402,0.146321374473218,0.297002174729456,0
-0.483360911205404,-0.373868367140547,0.146364825953625,0.453990499739547,0.827207585630402,0.146321374473218,0.297002174729456,0
0.51249353970928,-0.298021527035821,-0.140861896540184,0.453990499739547,0.827207585630402,0.146321374473218,0.297002174729456,0
-0.343475158434378,-0.277046228823043,-0.469196602561957,0.453990499739547,0.827207585630402,0.146321374473218,0.297002174729456,0
-0.0539347009249315,-0.493440425440535,-0.306682762133548,0.453990499739547,0.827207585630402,0.146321374473218,0.297002174729456,0
0,0,0,0.453990499739547,0.827207585630402,0.146321374473218,0.297002174729456,0.000210522885178708
-0.387707458940179,-0.199839007195982,0.454176726333468,0.453990499739547,-0.560352279135483,0.356450252121949,0.594004349458912,0
-0.410084684550019,0.17152216394997,0.532616868803139,0.453990499739547,-0.560352279135483,0.356450252121949,0.594004349458912,0
-0.38217288130631,-0.412916801763514,-0.0736814620798945,0.453990499739547,-0.560352279135483,0.356450252121949,0.594004349458912,0
0.250211051624158,-0.0910940670078752,0.50799031905904,0.453990499739547,-0.560352279135483,0.356450252121949,0.594004349458912,0
-0.533353608621048,0.336490853439538,0.000363915530398001,0.453990499739547,-0.560352279135483,0.356450252121949,0.594004349458912,0
0.243852612939099,-0.554451078696939,-0.21987102014796,0.453990499739547,-0.560352279135483,0.356450252121949,0.594004349458912,0
0.181000725692739,0.464658798667609,0.317336956679942,0.453990499739547,-0.560352279135483,0.356450252121949,0.594004349458912,0
-0.211132694872987,0.00224106357583122,-0.543225529627531,0.453990499739547,-0.560352279135483,0.356450252121949,0.594004349458912,0
0.619563931007724,-0.126842530701873,-0.140363454817842,0.453990499739547,-0.560352279135483,0.356450252121949,0.594004349458912,0
0.121934736881377,0.483648381018704,-0.272804918519432,0.453990499739547,-0.560352279135483,0.356450252121949,0.594004349458912,0
0.387707458940179,0.199839007195982,-0.454176726333468,0.453990499739547,-0.560352279135483,0.356450252121949,0.594004349458912,0
0,0,0,0.453990499739547,-0.560352279135483,0.356450252121949,0.594004349458912,0.000365190402212075
7.38400885792842e-17,-3.626245401465e-17,0.7,0.453990499739547,2.83271984902184e-17,-1.05375766427367e-16,0.891006524188368,0
0.0909073122378301,0.327973753518206,0.56,0.453990499739547,2.83271984902184e-17,-1.05375766427367e-16,0.891006524188368,0
-0.384767080143991,-0.240574175435732,0.42,0.453990499739547,2.83271984902184e-17,-1.05375766427367e-16,0.891006524188368,0
0.51121013758483,-0.0945322565713033,0.28,0.453990499739547,2.83271984902184e-17,-1.05375766427367e-16,0.891006524188368,0
-0.334712445785513,0.44367785431544,0.14,0.453990499739547,2.83271984902184e-17,-1.05375766427367e-16,0.891006524188368,0
-0.0539842470222435,-0.564657651447037,4.10102802943875e-17,0.453990499739547,2.83271984902184e-17,-1.05375766427367e-16,0.891006524188368,0
0.4127165517975,0.37221970346296,-0.14,0.453990499739547,2.83271984902184e-17,-1.05375766427367e-16,0.891006524188368,0
-0.519861329133085,0.00404360902485842,-0.28,0.453990499739547,2.83271984902184e-17,-1.05375766427367e-16,0.891006524188368,0
0.332213298113567,-0.309121277827363,-0.42,0.453990499739547,2.83271984902184e-17,-1.05375766427367e-16,0.891006524188368,0
-0.0271164929929476,0.339257451241518,-0.56,0.453990499739547,2.83271984902184e-17,-1.05375766427367e-16,0.891006524188368,0
-1.16533369644323e-16,-1.85353495948445e-17,-0.7,0.453990499739547,2.83271984902184e-17,-1.05375766427367e-16,0.891006524188368,0
0,0,0,0.453990499739547,2.83271984902184e-17,-1.05375766427367e-16,0.891006524188368,0.000313800329961961
